id,stationName,latitude,longitude,addr,item,created_at,updated_at
1,수정동,35.139059,129.056923,부산 동구 구청로 1동구청 지상,"SO2, CO, O3, NO2, PM10, PM2.5",2021-04-22 08:54:21,2021-04-22 08:54:21
2,부곡동,35.2297487,129.09266,부산 금정구 부곡로156번길 7부곡2동 주민센터 옥상 (부곡동),"SO2, CO, O3, NO2, PM10, PM2.5",2021-04-22 08:54:21,2021-04-22 08:54:21
3,회동동,35.230188,129.120586,부산광역시 금정구 금사로 217회동마루 (회동동),"SO2, CO, O3, NO2, PM10, PM2.5",2021-04-22 08:54:21,2021-04-22 08:54:21
4,광안동,35.152309,129.108101,부산 수영구 광안로21번가길 57한바다중학교 옥상,"O3, NO2, PM10, PM2.5",2021-04-22 08:54:21,2021-04-22 08:54:21
5,대신동,35.114404,129.017251,부산 서구 대신로 150부산국민체육센터 옥상,"SO2, CO, O3, NO2, PM10, PM2.5",2021-04-22 08:54:21,2021-04-22 08:54:21
6,덕포동,35.173784,128.986052,부산 사상구 삼덕로 83덕포초등학교 운동장 북서쪽 화단 (덕포동),"SO2, CO, O3, NO2, PM10, PM2.5",2021-04-22 08:54:21,2021-04-22 08:54:21
7,개금동,35.1552633,129.0225679,부산광역시 부산진구 개금온정로17번길 51개금3동 어린이놀이터 지상 (개금동),"SO2, CO, O3, NO2, PM10, PM2.5",2021-04-22 08:54:21,2021-04-22 08:54:21
8,당리동,35.1055484,128.972983,부산 사하구 제석로 41낙동초등학교 운동장 동편 화단 (당리동),"SO2, CO, O3, NO2, PM10, PM2.5",2021-04-22 08:54:21,2021-04-22 08:54:21
9,부산북항,35.122677,129.055411,부산 동구 충장대로 314자성대부두(관공선부두) 내 (좌천동),"SO2, CO, O3, NO2, PM10, PM2.5",2021-04-22 08:54:21,2021-04-22 08:54:21
10,부산신항,35.074896,128.834169,부산 강서구 신항남로 416부산신항다목적터미널(주) 본관 옥상 (성북동),"SO2, CO, O3, NO2, PM10, PM2.5",2021-04-22 08:54:21,2021-04-22 08:54:21
11,부산항,35.077711,128.784773,경남 창원시 진해구 신항로 434(안골동),"SO2, CO, O3, NO2, PM10, PM2.5",2021-04-22 08:54:21,2021-04-22 08:54:21
12,회원동,35.21815,128.57425,경남 창원시 마산회원구 회원동 11번길 7(회원1동 주민센터),"SO2, CO, O3, NO2, PM10, PM2.5",2021-04-22 08:54:21,2021-04-22 08:54:21
13,봉암동,35.2178,128.6023,경남 창원시 마산회원구 봉양로 148봉암동 주민센터 (봉암동),"SO2, CO, O3, NO2, PM10, PM2.5",2021-04-22 08:54:21,2021-04-22 08:54:21
14,내서읍,35.2258303611,128.50325827,경남 창원시 마산회원구 내서읍 광려로 8삼계근린공원 지상,"SO2, CO, O3, NO2, PM10, PM2.5",2021-04-22 08:54:21,2021-04-22 08:54:21
15,대송동,35.503138,129.418334,울산 동구 대송5길 10대송동주민센터 옥상,"SO2, CO, O3, NO2, PM10, PM2.5",2021-04-22 08:54:21,2021-04-22 08:54:21
16,성남동,35.556277,129.320451,울산 중구 새즈믄해거리 28농협 성남동 지점,"SO2, CO, O3, NO2, PM10, PM2.5",2021-04-22 08:54:21,2021-04-22 08:54:21
17,부곡동(울산),35.497129,129.338806,울산 남구 처용로 260-37대경기계기술,"SO2, CO, O3, NO2, PM10, PM2.5",2021-04-22 08:54:21,2021-04-22 08:54:21
18,중구,37.564639,126.975961,서울 중구 덕수궁길 15시청서소문별관 3동,"SO2, CO, O3, NO2, PM10, PM2.5",2021-04-22 08:54:21,2021-04-22 08:54:21
19,한강대로,37.549389,126.971519,서울 용산구 한강대로 405(서울역 앞),"SO2, CO, O3, NO2, PM10, PM2.5",2021-04-22 08:54:21,2021-04-22 08:54:21
20,종로구,37.572025,127.005028,"서울 종로구 종로35가길 19종로5,6가 동 주민센터","SO2, CO, O3, NO2, PM10, PM2.5",2021-04-22 08:54:21,2021-04-22 08:54:21
21,청계천로,37.56865,126.998083,서울 중구 청계천로 184(청계천4가사거리 남강빌딩 앞),"SO2, CO, O3, NO2, PM10, PM2.5",2021-04-22 08:54:21,2021-04-22 08:54:21
22,종로,37.570633,126.996783,서울 종로구 종로 169(종묘주차장 앞),"SO2, CO, O3, NO2, PM10, PM2.5",2021-04-22 08:54:21,2021-04-22 08:54:21
23,용산구,37.540314,127.005083,서울 용산구 한남대로 136서울특별시중부기술교육원,"SO2, CO, O3, NO2, PM10, PM2.5",2021-04-22 08:54:21,2021-04-22 08:54:21
24,광진구,37.544639,127.095706,서울특별시 광진구 광나루로 571구의 아리수정수센터,"SO2, CO, O3, NO2, PM10, PM2.5",2021-04-22 08:54:21,2021-04-22 08:54:21
25,성동구,37.542036,127.049685,서울 성동구 뚝섬로3길 18성수1가1동주민센터,"SO2, CO, O3, NO2, PM10, PM2.5",2021-04-22 08:54:21,2021-04-22 08:54:21
26,강변북로,37.539283,127.040943,서울 성동구 강변북로 257한강사업본부 옆,"SO2, CO, O3, NO2, PM10, PM2.5",2021-04-22 08:54:21,2021-04-22 08:54:21
27,중랑구,37.584953,127.094283,서울 중랑구 용마산로 369건강가정지원센터,"SO2, CO, O3, NO2, PM10, PM2.5",2021-04-22 08:54:21,2021-04-22 08:54:21
28,동대문구,37.576169,127.029642,서울 동대문구 천호대로13길 43용두초등학교,"SO2, CO, O3, NO2, PM10, PM2.5",2021-04-22 08:54:21,2021-04-22 08:54:21
29,홍릉로,37.580167,127.044856,서울 동대문구 홍릉로 1(청량리전철역 사거리 SC제일은행 앞),"SO2, CO, O3, NO2, PM10, PM2.5",2021-04-22 08:54:21,2021-04-22 08:54:21
30,성북구,37.606667,127.027264,서울 성북구 삼양로2길 70길음2동 주민센터,"SO2, CO, O3, NO2, PM10, PM2.5",2021-04-22 08:54:21,2021-04-22 08:54:21
31,정릉로,37.603593,127.026007,서울 성북구 돈암동 8-164번지,"SO2, CO, O3, NO2, PM10, PM2.5",2021-04-22 08:54:21,2021-04-22 08:54:21
32,도봉구,37.654278,127.029333,서울 도봉구 시루봉로2길 34쌍문동청소년문화의집,"SO2, CO, O3, NO2, PM10, PM2.5",2021-04-22 08:54:21,2021-04-22 08:54:21
33,은평구,37.6104714,126.9335038,서울 은평구 진흥로 215(한국환경산업기술원 온실동2층 ),"SO2, CO, O3, NO2, PM10, PM2.5",2021-04-22 08:54:21,2021-04-22 08:54:21
34,서대문구,37.593749,126.949534,서울 서대문구 세검정로4길 32(홍제3동 주민센터),"SO2, CO, O3, NO2, PM10, PM2.5",2021-04-22 08:54:21,2021-04-22 08:54:21
35,마포구,37.55561,126.905457,서울 마포구 포은로 6길 10망원1동주민센터 옥상,"SO2, CO, O3, NO2, PM10, PM2.5",2021-04-22 08:54:21,2021-04-22 08:54:21
36,신촌로,37.554936,126.937619,서울 마포구 노고산동 57-62(신촌역 7번 출구),"SO2, CO, O3, NO2, PM10, PM2.5",2021-04-22 08:54:21,2021-04-22 08:54:21
37,강서구,37.544656,126.835094,서울 강서구 강서로 45 다길 71 화곡3동푸른들청소년도서관,"SO2, CO, O3, NO2, PM10, PM2.5",2021-04-22 08:54:21,2021-04-22 08:54:21
38,공항대로,37.562821,126.826071,서울 강서구 마곡동 727-1091마곡역 중앙차로정류장 옆,"SO2, CO, O3, NO2, PM10, PM2.5",2021-04-22 08:54:21,2021-04-22 08:54:21
39,구로구,37.498498,126.889692,서울 구로구 가마산로 27길 45구로고등학교,"SO2, CO, O3, NO2, PM10, PM2.5",2021-04-22 08:54:21,2021-04-22 08:54:21
40,영등포구,37.525007,126.89737,서울특별시 영등포구 당산로 123영등포구청 (당산동3가),"SO2, CO, O3, NO2, PM10, PM2.5",2021-04-22 08:54:21,2021-04-22 08:54:21
41,영등포로,37.520222,126.904967,서울 영등포구 영중로 37(영등포시장사거리),"SO2, CO, O3, NO2, PM10, PM2.5",2021-04-22 08:54:21,2021-04-22 08:54:21
42,동작구,37.480989,126.971547,서울 동작구 사당로16아길 6사당4동 주민센터,"SO2, CO, O3, NO2, PM10, PM2.5",2021-04-22 08:54:21,2021-04-22 08:54:21
43,동작대로 중앙차로,37.492107,126.983245,서울 동작구 동작대로 144이수역 북단 버스중앙차로,"SO2, CO, O3, NO2, PM10, PM2.5",2021-04-22 08:54:21,2021-04-22 08:54:21
44,관악구,37.488242,126.927089,서울 관악구 신림동길 14신림동 주민센터,"SO2, CO, O3, NO2, PM10, PM2.5",2021-04-22 08:54:21,2021-04-22 08:54:21
45,강남구,37.5175623,127.0472893,서울 강남구 학동로 426강남구청 별관 1동,"SO2, CO, O3, NO2, PM10, PM2.5",2021-04-22 08:54:21,2021-04-22 08:54:21
46,서초구,37.504547,126.994611,서울 서초구 신반포로15길 16반포 2동 주민센터,"SO2, CO, O3, NO2, PM10, PM2.5",2021-04-22 08:54:21,2021-04-22 08:54:21
47,도산대로,37.516083,127.019694,서울 강남구 도산대로 104신사역2번출구 앞,"SO2, CO, O3, NO2, PM10, PM2.5",2021-04-22 08:54:21,2021-04-22 08:54:21
48,강남대로,37.482867,127.035621,서울특별시 서초구 강남대로 201서초구민회관 앞 중앙차로 (양재동),"SO2, CO, O3, NO2, PM10, PM2.5",2021-04-22 08:54:21,2021-04-22 08:54:21
49,송파구,37.502685,127.092385,서울 송파구 백제고분로 236삼전동 주민센터 (삼전동),"SO2, CO, O3, NO2, PM10, PM2.5",2021-04-22 08:54:21,2021-04-22 08:54:21
50,강동구,37.545089,127.136806,서울 강동구 구천면로 42길 59천호1동 주민센터,"SO2, CO, O3, NO2, PM10, PM2.5",2021-04-22 08:54:21,2021-04-22 08:54:21
51,천호대로,37.534035,127.139172,서울 강동구 천호대로 1151길동사거리 강동성모요양병원 앞),"SO2, CO, O3, NO2, PM10, PM2.5",2021-04-22 08:54:21,2021-04-22 08:54:21
52,금천구,37.452386,126.908333,서울 금천구 금하로21길 20시흥5동 주민센터,"SO2, CO, O3, NO2, PM10, PM2.5",2021-04-22 08:54:21,2021-04-22 08:54:21
53,시흥대로,37.474899,126.898657,서울 금천구 독산동 996-9한양수자인아파트 앞,"SO2, CO, O3, NO2, PM10, PM2.5",2021-04-22 08:54:21,2021-04-22 08:54:21
54,강북구,37.64793,127.011952,서울 강북구 삼양로 139길 49우이동 주민센터,"SO2, CO, O3, NO2, PM10, PM2.5",2021-04-22 08:54:21,2021-04-22 08:54:21
55,양천구,37.523286,126.858689,서울 양천구 중앙로52길 56신정4동 문화센터,"SO2, CO, O3, NO2, PM10, PM2.5",2021-04-22 08:54:21,2021-04-22 08:54:21
56,노원구,37.657415,127.067876,서울 노원구 상계로 118상계2동 주민센터 (23길 17 노원구 원터행복발전소),"SO2, CO, O3, NO2, PM10, PM2.5",2021-04-22 08:54:21,2021-04-22 08:54:21
57,화랑로,37.617315,127.07512,서울 노원구 화랑로 429태능입구역 8번 출구,"SO2, CO, O3, NO2, PM10, PM2.5",2021-04-22 08:54:21,2021-04-22 08:54:21
58,신풍동,37.283798,127.010472,경기 수원시 팔달구 신풍로 23번길 68선경도서관,"SO2, CO, O3, NO2, PM10, PM2.5",2021-04-22 08:54:21,2021-04-22 08:54:21
59,인계동,37.26334,127.02863,경기 수원시 팔달구 효원로 241수원시청,"SO2, CO, O3, NO2, PM10, PM2.5",2021-04-22 08:54:21,2021-04-22 08:54:21
60,광교동,37.291272,127.070818,경기 수원시 영통구 법조로 129이의중학교,"SO2, CO, O3, NO2, PM10, PM2.5",2021-04-22 08:54:21,2021-04-22 08:54:21
61,영통동,37.246927,127.056315,경기 수원시 영통구 영통로 217번길 12영통2동 행정복지센터,"SO2, CO, O3, NO2, PM10, PM2.5",2021-04-22 08:54:21,2021-04-22 08:54:21
62,천천동,37.292756,126.975303,경기 수원시 장안구 서부로 2066성균관대학교 제2공학관,"SO2, CO, O3, NO2, PM10, PM2.5",2021-04-22 08:54:21,2021-04-22 08:54:21
63,경수대로(동수원),37.2778,127.0306,경기 수원시 팔달구 인계동 1047동수원사거리,"SO2, CO, O3, NO2, PM10, PM2.5",2021-04-22 08:54:21,2021-04-22 08:54:21
64,고색동,37.252226,126.976304,경기 수원시 권선구 서부로 1600수원시도로교통관리사업소,"SO2, CO, O3, NO2, PM10, PM2.5",2021-04-22 08:54:21,2021-04-22 08:54:21
65,호매실동,37.2661,126.9568,경기도 수원시 권선구 칠보로 161호매실동 행정복지센터 (호매실동),"SO2, CO, O3, NO2, PM10, PM2.5",2021-04-22 08:54:21,2021-04-22 08:54:21
66,대왕판교로(백현동),37.3825762,127.1027442,경기 성남시 분당구 판교동 652-1백현1교차로,"SO2, CO, NO2, PM10, PM2.5",2021-04-22 08:54:21,2021-04-22 08:54:21
67,단대동,37.449479,127.155512,경기 성남시 수정구 희망로 506번길 21단대동행정복지센터,"SO2, CO, O3, NO2, PM10, PM2.5",2021-04-22 08:54:21,2021-04-22 08:54:21
68,정자동,37.36078,127.11933,경기 성남시 분당구 돌마로 242정자3동행정복지센터,"SO2, CO, O3, NO2, PM10, PM2.5",2021-04-22 08:54:21,2021-04-22 08:54:21
69,수내동,37.382662,127.119103,경기 성남시 분당구 분당로 50분당구청,"SO2, CO, O3, NO2, PM10, PM2.5",2021-04-22 08:54:21,2021-04-22 08:54:21
70,성남대로(모란역),37.4339,127.1293,경기 성남시 수정구 성남대로 1229모란역사거리,"SO2, CO, O3, NO2, PM10, PM2.5",2021-04-22 08:54:21,2021-04-22 08:54:21
71,복정동,37.4563598,127.1304652,경기 성남시 수정구 성남대로 1416번길 22복정정수장,"SO2, CO, O3, NO2, PM10, PM2.5",2021-04-22 08:54:21,2021-04-22 08:54:21
72,운중동,37.390588,127.077838,경기 성남시 분당구 운중로 138번길 10운중동행정복지센터,"SO2, CO, O3, NO2, PM10, PM2.5",2021-04-22 08:54:21,2021-04-22 08:54:21
73,상대원동,37.433169,127.164372,경기 성남시 중원구 둔촌대로 425상대원1동행정복지센터,"SO2, CO, O3, NO2, PM10, PM2.5",2021-04-22 08:54:21,2021-04-22 08:54:21
74,의정부동,37.735582,127.040421,경기 의정부시 범골로 138경기도도로사업소,"SO2, CO, O3, NO2, PM10, PM2.5",2021-04-22 08:54:21,2021-04-22 08:54:21
75,의정부1동,37.746355,127.047652,경기 의정부시 가능로152번길 14의정부1동 주민센터,"SO2, CO, O3, NO2, PM10, PM2.5",2021-04-22 08:54:21,2021-04-22 08:54:21
76,송산3동,37.7481,127.106,경기도 의정부시 민락로243번길 94푸른마당 근린공원 인근 연결녹지(송양유치원과 민락천 사이) (민락동),"SO2, CO, O3, NO2, PM10, PM2.5",2021-04-22 08:54:21,2021-04-22 08:54:21
77,안양6동,37.389996,126.930583,경기 안양시 만안구 안양로170번길 23안양6동 행정복지센터,"SO2, CO, O3, NO2, PM10, PM2.5",2021-04-22 08:54:21,2021-04-22 08:54:21
78,부림동,37.394327,126.956859,경기 안양시 동안구 시민대로 235안양시청 민원실,"SO2, CO, O3, NO2, PM10, PM2.5",2021-04-22 08:54:21,2021-04-22 08:54:21
79,호계동,37.381136,126.952641,경기 안양시 동안구 경수대로 665번길 11호계2동 행정복지센터,"SO2, CO, O3, NO2, PM10, PM2.5",2021-04-22 08:54:21,2021-04-22 08:54:21
80,안양2동,37.4051,126.9178,경기 안양시 만안구 안양로 384번길 50안양2동 행정복지센터,"SO2, CO, O3, NO2, PM10, PM2.5",2021-04-22 08:54:21,2021-04-22 08:54:21
81,철산동,37.476221,126.86981,경기 광명시 시청로 20광명시청 제1별관,"SO2, CO, O3, NO2, PM10, PM2.5",2021-04-22 08:54:21,2021-04-22 08:54:21
82,소하동,37.452158,126.884909,경기 광명시 소하일로 7소하도서관,"SO2, CO, O3, NO2, PM10, PM2.5",2021-04-22 08:54:21,2021-04-22 08:54:21
83,고잔동,37.3221,126.8305,경기 안산시 단원구 화랑로 387안산시청,"SO2, CO, O3, NO2, PM10, PM2.5",2021-04-22 08:54:21,2021-04-22 08:54:21
84,원시동,37.305255,126.788503,경기 안산시 단원구 산단로 112 근로복지관민주노총,"SO2, CO, O3, NO2, PM10, PM2.5",2021-04-22 08:54:21,2021-04-22 08:54:21
85,본오동,37.296107,126.87234,경기 안산시 상록구 각골길 75본오2동행정복지센터,"SO2, CO, O3, NO2, PM10, PM2.5",2021-04-22 08:54:21,2021-04-22 08:54:21
86,원곡동,37.331632,126.801758,경기 안산시 단원구 원선로 91백운동행정복지센터,"SO2, CO, O3, NO2, PM10, PM2.5",2021-04-22 08:54:21,2021-04-22 08:54:21
87,부곡동1,37.332,126.8611,경기 안산시 상록구 성호로 326부곡동 행정복지센터,"SO2, CO, O3, NO2, PM10, PM2.5",2021-04-22 08:54:21,2021-04-22 08:54:21
88,대부동,37.2437,126.5854,경기 안산시 단원구 대부중앙로 97-9대부동 행정복지센터,"SO2, CO, O3, NO2, PM10, PM2.5",2021-04-22 08:54:21,2021-04-22 08:54:21
89,호수동,37.304889,126.833521,경기 안산시 단원구 안산천남로 119양지중학교,"SO2, CO, O3, NO2, PM10, PM2.5",2021-04-22 08:54:21,2021-04-22 08:54:21
90,중앙대로(고잔동),37.316703,126.82792,경기 안산시 단원구 중앙대로 822안산P1펌프장,"SO2, CO, NO2, PM10, PM2.5",2021-04-22 08:54:21,2021-04-22 08:54:21
91,별양동,37.423889,126.994512,경기 과천시 코오롱로 53문원초등학교,"SO2, CO, O3, NO2, PM10, PM2.5",2021-04-22 08:54:21,2021-04-22 08:54:21
92,과천동,37.448806,127.002329,경기 과천시 상하벌로 17과천시 환경사업소,"SO2, CO, O3, NO2, PM10, PM2.5",2021-04-22 08:54:21,2021-04-22 08:54:21
93,교문동,37.594755,127.130141,경기 구리시 아차산로 439구리시청 구리시의회,"SO2, CO, O3, NO2, PM10, PM2.5",2021-04-22 08:54:21,2021-04-22 08:54:21
94,동구동,37.6187,127.1383,경기 구리시 동구릉로 217-14시립동구어린이집,"SO2, CO, O3, NO2, PM10, PM2.5",2021-04-22 08:54:21,2021-04-22 08:54:21
95,부곡3동,37.320048,126.948907,경기도 의왕시 덕영대로 166부곡청소년문화의 집 (삼동),"SO2, CO, O3, NO2, PM10, PM2.5",2021-04-22 08:54:21,2021-04-22 08:54:21
96,고천동,37.3442,126.969,경기 의왕시 시청로 11의왕시청 민원실,"SO2, CO, O3, NO2, PM10, PM2.5",2021-04-22 08:54:21,2021-04-22 08:54:21
97,정왕동,37.3468,126.7401,경기 시흥시 정왕대로 233번길 19정왕보건지소,"SO2, CO, O3, NO2, PM10, PM2.5",2021-04-22 08:54:21,2021-04-22 08:54:21
98,시화산단,37.3367,126.7246,경기 시흥시 공단1대로 204시화유통상가 27동,"SO2, CO, O3, NO2, PM10, PM2.5",2021-04-22 08:54:21,2021-04-22 08:54:21
99,대야동,37.4431,126.7884,경기 시흥시 복지로 37다다커뮤니티센터,"SO2, CO, O3, NO2, PM10, PM2.5",2021-04-22 08:54:21,2021-04-22 08:54:21
100,목감동,37.3857,126.8619,경기도 시흥시 솔고개길 33목감공원 지상 (목감동),"SO2, CO, O3, NO2, PM10, PM2.5",2021-04-22 08:54:21,2021-04-22 08:54:21
101,장현동,37.3801,126.8041,경기도 시흥시 시청로 20미래키움어린이집 옥상 (장현동),"SO2, CO, O3, NO2, PM10, PM2.5",2021-04-22 08:54:21,2021-04-22 08:54:21
102,서해안로,37.354651,126.709878,경기도 시흥시 서해안로 277옥구공원 지상 론볼경기장 앞 (정왕동),"SO2, CO, O3, NO2, PM10, PM2.5",2021-04-22 08:54:21,2021-04-22 08:54:21
103,금곡동,37.6356,127.2162,경기 남양주시 경춘로 1037남양주시청 신관,"SO2, CO, O3, NO2, PM10, PM2.5",2021-04-22 08:54:21,2021-04-22 08:54:21
104,오남읍,37.698672,127.204729,경기 남양주시 오남읍 진건오남로 806-34오남읍사무소,"SO2, CO, O3, NO2, PM10, PM2.5",2021-04-22 08:54:21,2021-04-22 08:54:21
105,별내동,37.652924,127.11586,경기도 남양주시 별내중앙로 148화접초등학교 (별내동),"SO2, CO, O3, NO2, PM10, PM2.5",2021-04-22 08:54:21,2021-04-22 08:54:21
106,화도읍,37.657822,127.300702,경기도 남양주시 화도읍 비룡로 59화도수동행정복지센터,"SO2, CO, O3, NO2, PM10, PM2.5",2021-04-22 08:54:21,2021-04-22 08:54:21
107,경춘로,37.609158,127.163109,경기도 남양주시 경춘로 433도농역 앞 (다산동),"SO2, CO, O3, NO2, PM10, PM2.5",2021-04-22 08:54:21,2021-04-22 08:54:21
108,와부읍,37.580842,127.226766,경기도 남양주시 와부읍 도곡길 7덕소중학교 후관동 옥상,"SO2, CO, O3, NO2, PM10, PM2.5",2021-04-22 08:54:21,2021-04-22 08:54:21
109,진접읍,37.72627,127.189881,경기도 남양주시 진접읍 금강로 1509-26진접오남행정복지센터 옥상,"SO2, CO, O3, NO2, PM10, PM2.5",2021-04-22 08:54:21,2021-04-22 08:54:21
110,비전동,36.9913,127.1126,경기 평택시 중앙로 275자원봉사센터,"SO2, CO, O3, NO2, PM10, PM2.5",2021-04-22 08:54:21,2021-04-22 08:54:21
111,안중,36.9859,126.9314,경기 평택시 안중읍 안현로 400안중읍행정복지센터,"SO2, CO, O3, NO2, PM10, PM2.5",2021-04-22 08:54:21,2021-04-22 08:54:21
112,평택항,36.974605,126.84554,경기 평택시 포승읍 평택항로184번길 38한국산업단지공단 평택지사,"SO2, CO, O3, NO2, PM10, PM2.5",2021-04-22 08:54:21,2021-04-22 08:54:21
113,송북동,37.081564,127.060117,경기도 평택시 지산2로 113송북동행정복지센터 (지산동),"SO2, CO, O3, NO2, PM10, PM2.5",2021-04-22 08:54:21,2021-04-22 08:54:21
114,청북읍,37.0204,126.9182,경기도 평택시 청북읍 안청로2길 60청북문화센터,"SO2, CO, O3, NO2, PM10, PM2.5",2021-04-22 08:54:21,2021-04-22 08:54:21
115,고덕면,37.05311,127.046172,경기도 평택시 고덕면 고덕국제2로 111종덕초등학교 2층 옥상,"SO2, CO, O3, NO2, PM10, PM2.5",2021-04-22 08:54:21,2021-04-22 08:54:21
116,금촌동,37.756308,126.773898,경기 파주시 후곡로 13교육문화회관 별관,"SO2, CO, O3, NO2, PM10, PM2.5",2021-04-22 08:54:21,2021-04-22 08:54:21
117,운정,37.723148,126.756434,경기 파주시 와석순환로 470한국토지주택공사 파주사업본부,"SO2, CO, O3, NO2, PM10, PM2.5",2021-04-22 08:54:21,2021-04-22 08:54:21
118,파주,37.906227,126.73108,경기 파주시 군내면 통일촌길220 (장단출장소 내),"SO2, CO, O3, NO2, PM10, PM2.5",2021-04-22 08:54:21,2021-04-22 08:54:21
119,파주읍,37.8309,126.833,경기도 파주시 파주읍 교육길 13민방위교육장,"SO2, CO, O3, NO2, PM10, PM2.5",2021-04-22 08:54:21,2021-04-22 08:54:21
120,행신동,37.6251,126.8423,경기 고양시 덕양구 화신로 148 행신배수지가라산공원,"SO2, CO, O3, NO2, PM10, PM2.5",2021-04-22 08:54:21,2021-04-22 08:54:21
121,식사동,37.685514,126.813441,경기 고양시 일산동구 위시티로 151양일초등학교,"SO2, CO, O3, NO2, PM10, PM2.5",2021-04-22 08:54:21,2021-04-22 08:54:21
122,백마로(마두역),37.6545086,126.7755571,경기 고양시 일산동구 장항2동 888뉴코아백화점사거리,"SO2, CO, O3, NO2, PM10, PM2.5",2021-04-22 08:54:21,2021-04-22 08:54:21
123,신원동,37.666362,126.886708,경기 고양시 덕양구 신원2로 24신원도서관,"SO2, CO, O3, NO2, PM10, PM2.5",2021-04-22 08:54:21,2021-04-22 08:54:21
124,주엽동,37.6683,126.7564,경기도 고양시 일산서구 주엽로 104주엽어린이도서관 (주엽동),"SO2, CO, O3, NO2, PM10, PM2.5",2021-04-22 08:54:21,2021-04-22 08:54:21
125,경안동,37.4112,127.2579,경기 광주시 중앙로 128농협중앙회,"SO2, CO, O3, NO2, PM10, PM2.5",2021-04-22 08:54:21,2021-04-22 08:54:21
126,오포읍,37.36615,127.22856,경기도 광주시 오포읍 오포로859번길 29오포읍 행정복지센터 옥상,"SO2, CO, O3, NO2, PM10, PM2.5",2021-04-22 08:54:21,2021-04-22 08:54:21
127,곤지암,37.350901,127.352363,경기도 광주시 곤지암읍 광여로 59곤지암읍 행정복지센터 옥상,"SO2, CO, O3, NO2, PM10, PM2.5",2021-04-22 08:54:21,2021-04-22 08:54:21
128,김량장동,37.2345,127.2014,경기 용인시 처인구 금령로 50처인구청,"SO2, CO, O3, NO2, PM10, PM2.5",2021-04-22 08:54:21,2021-04-22 08:54:21
129,수지,37.327927,127.095215,경기 용인시 수지구 수지로 342번길3풍덕천1동주민자치센터,"SO2, CO, O3, NO2, PM10, PM2.5",2021-04-22 08:54:21,2021-04-22 08:54:21
130,기흥,37.280224,127.11514,경기 용인시 기흥구 관곡로 95기흥구청,"SO2, CO, O3, NO2, PM10, PM2.5",2021-04-22 08:54:21,2021-04-22 08:54:21
131,중부대로(구갈동),37.275324,127.113744,경기 용인시 기흥구 구갈동 505-3녹십자사거리,"SO2, CO, NO2, PM10, PM2.5",2021-04-22 08:54:21,2021-04-22 08:54:21
132,모현읍,37.329538,127.242271,경기도 용인시 처인구 모현읍 독점로 31-6모현읍주민자치센터,"SO2, CO, O3, NO2, PM10, PM2.5",2021-04-22 08:54:21,2021-04-22 08:54:21
133,이동읍,37.1410264,127.1960051,경기도 용인시 처인구 이동읍 경기동로 673이동읍주민자치센터,"SO2, CO, O3, NO2, PM10, PM2.5",2021-04-22 08:54:21,2021-04-22 08:54:21
134,백암면,37.1633559,127.3747489,경기도 용인시 처인구 백암면 백암로185번길 8-11백암면주민자치센터,"SO2, CO, O3, NO2, PM10, PM2.5",2021-04-22 08:54:21,2021-04-22 08:54:21
135,설성면,37.138467,127.54645,경기 이천시 설성면 신필리산 88-5(전파연구소 입구),"SO2, CO, O3, NO2, PM10, PM2.5",2021-04-22 08:54:21,2021-04-22 08:54:21
136,창전동,37.2837,127.441,경기 이천시 영창로 163번길 28평생학습관 어르신쉼터,"SO2, CO, O3, NO2, PM10, PM2.5",2021-04-22 08:54:21,2021-04-22 08:54:21
137,장호원읍,37.1146,127.6297,경기 이천시 장호원읍 오남리 27재래시장 공영주차장,"SO2, CO, O3, NO2, PM10, PM2.5",2021-04-22 08:54:21,2021-04-22 08:54:21
138,부발읍,37.2832583,127.4866839,경기도 이천시 부발읍 무촌로 117부발보건지소 옥상,"SO2, CO, O3, NO2, PM10, PM2.5",2021-04-22 08:54:21,2021-04-22 08:54:21
139,관인면,38.123833,127.25235,경기 포천시 관인면사정리 140,"SO2, CO, O3, NO2, PM10, PM2.5",2021-04-22 08:54:21,2021-04-22 08:54:21
140,선단동,37.8535,127.1592,경기 포천시 삼육사로 2186번길 11-15선단보건지소,"SO2, CO, O3, NO2, PM10, PM2.5",2021-04-22 08:54:21,2021-04-22 08:54:21
141,일동면,37.9613,127.3171,경기도 포천시 일동면 화동로1099번길 30일동면행정복지센터,"SO2, CO, O3, NO2, PM10, PM2.5",2021-04-22 08:54:21,2021-04-22 08:54:21
142,사우동,37.619335,126.716748,경기 김포시 돌문로 51사우동행정복지센터,"SO2, CO, O3, NO2, PM10, PM2.5",2021-04-22 08:54:21,2021-04-22 08:54:21
143,고촌읍,37.606724,126.762831,경기 김포시 고촌읍 신곡로 152김포시상하수도사업소,"SO2, CO, O3, NO2, PM10, PM2.5",2021-04-22 08:54:21,2021-04-22 08:54:21
144,월곶면,37.7151,126.5526,경기도 김포시 월곶면 군하로 263월곶면 주민자치센터 옥상,"SO2, CO, O3, NO2, PM10, PM2.5",2021-04-22 08:54:21,2021-04-22 08:54:21
145,한강신도시,37.6532578,126.6292725,경기 김포시 양촌읍 양곡2로30번길 46김포독립운동기념관 옥상,"SO2, CO, O3, NO2, PM10, PM2.5",2021-04-22 08:54:21,2021-04-22 08:54:21
146,한강로,37.649034,126.675064,경기도 김포시 김포한강2로24번길 93한강로사거리 (장기동),"SO2, CO, O3, NO2, PM10, PM2.5",2021-04-22 08:54:21,2021-04-22 08:54:21
147,당동,37.3536806,126.9449892,경기 군포시 산본로197번길 36당동도서관,"SO2, CO, O3, NO2, PM10, PM2.5",2021-04-22 08:54:21,2021-04-22 08:54:21
148,산본동,37.3612,126.9362,경기 군포시 청백리길 6군포시청 별관,"SO2, CO, O3, NO2, PM10, PM2.5",2021-04-22 08:54:21,2021-04-22 08:54:21
149,오산동,37.1591,127.0771,경기 오산시 경기동로 51오산고용복지플러스센터,"SO2, CO, O3, NO2, PM10, PM2.5",2021-04-22 08:54:21,2021-04-22 08:54:21
150,금암로(신장동),37.1710811,127.052049,경기도 오산시 금암로 7(금암동 542-14),"SO2, CO, O3, NO2, PM10, PM2.5",2021-04-22 08:54:21,2021-04-22 08:54:21
151,신장동,37.539109,127.214608,경기 하남시 대청로 10하남시청 종합민원실,"SO2, CO, O3, NO2, PM10, PM2.5",2021-04-22 08:54:21,2021-04-22 08:54:21
152,미사,37.567014,127.186023,경기도 하남시 아리수로 531미사2동 행정복지센터 (망월동),"SO2, CO, O3, NO2, PM10, PM2.5",2021-04-22 08:54:21,2021-04-22 08:54:21
153,남양읍,37.211479,126.824001,경기 화성시 남양읍 남양성지로 192-5남양읍행정복지센터,"SO2, CO, O3, NO2, PM10, PM2.5",2021-04-22 08:54:21,2021-04-22 08:54:21
154,향남읍,37.132356,126.920186,경기 화성시 향남읍 발안로 89향남읍 행정복지센터,"SO2, CO, O3, NO2, PM10, PM2.5",2021-04-22 08:54:21,2021-04-22 08:54:21
155,동탄,37.196921,127.0723,경기 화성시 동탄반석로 87동탄2동 행정복지센터,"SO2, CO, O3, NO2, PM10, PM2.5",2021-04-22 08:54:21,2021-04-22 08:54:21
156,우정읍,37.0898105,126.8152695,경기도 화성시 우정읍 쌍봉로 109-14우정읍 행정복지센터,"SO2, CO, O3, NO2, PM10, PM2.5",2021-04-22 08:54:21,2021-04-22 08:54:21
157,청계동,37.1965,127.1194,경기도 화성시 동탄순환대로22길 13예솔초등학교 (청계동),"SO2, CO, O3, NO2, PM10, PM2.5",2021-04-22 08:54:21,2021-04-22 08:54:21
158,새솔동,37.2814,126.8188,경기도 화성시 수노을중앙로 178새솔동 행정복지센터 (새솔동),"SO2, CO, O3, NO2, PM10, PM2.5",2021-04-22 08:54:21,2021-04-22 08:54:21
159,봉담읍,37.219282,126.949062,경기도 화성시 봉담읍 샘마을1길 8-4화성시립봉담도서관 옥상,"SO2, CO, O3, NO2, PM10, PM2.5",2021-04-22 08:54:21,2021-04-22 08:54:21
160,서신면,37.166203,126.708965,경기도 화성시 서신면 궁평항로 1702서신면사무소 옥상,"SO2, CO, O3, NO2, PM10, PM2.5",2021-04-22 08:54:21,2021-04-22 08:54:21
161,백석읍,37.79239,126.987168,경기 양주시 백석읍 꿈나무로 199꿈나무도서관,"SO2, CO, O3, NO2, PM10, PM2.5",2021-04-22 08:54:21,2021-04-22 08:54:21
162,고읍,37.7919,127.0847,경기 양주시 고읍남로 205청소년문화의 집,"SO2, CO, O3, NO2, PM10, PM2.5",2021-04-22 08:54:21,2021-04-22 08:54:21
163,보산동,37.917603,127.061291,경기 동두천시 싸리말로 28보산동행정복지센터,"SO2, CO, O3, NO2, PM10, PM2.5",2021-04-22 08:54:21,2021-04-22 08:54:21
164,봉산동,37.007863,127.279856,경기 안성시 시청길 25안성시청 식당동,"SO2, CO, O3, NO2, PM10, PM2.5",2021-04-22 08:54:21,2021-04-22 08:54:21
165,공도읍,37.0010225,127.1724925,경기도 안성시 공도읍 공도4로 8공도읍행정복지센터 옥상,"SO2, CO, O3, NO2, PM10, PM2.5",2021-04-22 08:54:21,2021-04-22 08:54:21
166,죽산면,37.0746,127.4244,경기도 안성시 죽산면 남부길 60동안성시민복지센터 옥상,"SO2, CO, O3, NO2, PM10, PM2.5",2021-04-22 08:54:21,2021-04-22 08:54:21
167,중앙동(경기),37.298663,127.628936,경기 여주시 여흥로11번길 26중앙동행정복지센터,"SO2, CO, O3, NO2, PM10, PM2.5",2021-04-22 08:54:21,2021-04-22 08:54:21
168,대신면,37.3715,127.5845,경기도 여주시 대신면 율촌1길 12-10대신도서관 옥상,"SO2, CO, O3, NO2, PM10, PM2.5",2021-04-22 08:54:21,2021-04-22 08:54:21
169,가남읍,37.201739,127.545135,경기도 여주시 가남읍 태평중앙1길 20가남읍행정복지센터 옥상,"SO2, CO, O3, NO2, PM10, PM2.5",2021-04-22 08:54:21,2021-04-22 08:54:21
170,연천,38.0964,127.0763,경기 연천군 연천읍 차현로 58연천군청 지역경제과,"SO2, CO, O3, NO2, PM10, PM2.5",2021-04-22 08:54:21,2021-04-22 08:54:21
171,가평,37.831217,127.509769,경기도 가평군 가평읍 석봉로 181가평군청 의회동,"SO2, CO, O3, NO2, PM10, PM2.5",2021-04-22 08:54:21,2021-04-22 08:54:21
172,설악면,37.676245,127.494701,경기도 가평군 설악면 한서로 8설악면 문화센터 옥상,"SO2, CO, O3, NO2, PM10, PM2.5",2021-04-22 08:54:21,2021-04-22 08:54:21
173,용문면,37.4872543,127.5962101,경기 양평군 용문면 용문로 395용문도서관,"SO2, CO, O3, NO2, PM10, PM2.5",2021-04-22 08:54:21,2021-04-22 08:54:21
174,양평읍,37.496975,127.486659,경기도 양평군 양평읍 마유산로 17양평군보건소 옥상,"SO2, CO, O3, NO2, PM10, PM2.5",2021-04-22 08:54:21,2021-04-22 08:54:21
175,연천(DMZ),38.129569,126.973711,경기 연천군 중면 횡산리 산108-128사단 태풍전망대 인근,"SO2, CO, O3, NO2, PM10, PM2.5",2021-04-22 08:54:21,2021-04-22 08:54:21
176,중앙로,37.8753695,127.7202223,강원 춘천시 중앙로길 135(중앙로 3가 67-1)춘천시보건소 3층 옥상,"SO2, CO, O3, NO2, PM10, PM2.5",2021-04-22 08:54:21,2021-04-22 08:54:21
177,석사동,37.8569773,127.7500616,강원 춘천시 외솔길 17(석사동 322-1)강원도 개발공사 2층 옥상,"SO2, CO, O3, NO2, PM10, PM2.5",2021-04-22 08:54:21,2021-04-22 08:54:21
178,신사우동,37.905689,127.72601,강원도 춘천시 사우4길 26신사우도서관 2층 옥상 (우두동),"SO2, CO, O3, NO2, PM10, PM2.5",2021-04-22 08:54:21,2021-04-22 08:54:21
179,온의동,37.865638,127.718551,강원도 춘천시 경춘로 2370온의사거리 (온의동),"SO2, CO, O3, NO2, PM10, PM2.5",2021-04-22 08:54:21,2021-04-22 08:54:21
180,방산면,38.224433,127.958583,강원 양구군 방산면 송현1리519-2번지 방산배수지 내,"SO2, CO, O3, NO2, PM10, PM2.5",2021-04-22 08:54:21,2021-04-22 08:54:21
181,양구읍,38.1092365,127.9894679,강원도 양구군 양구읍 관공서로 33양구읍 측정소,"SO2, CO, O3, NO2, PM10, PM2.5",2021-04-22 08:54:21,2021-04-22 08:54:21
182,동해항,37.489817,129.123223,강원도 동해시 대동로 210(송정동),"SO2, CO, O3, NO2, PM10, PM2.5",2021-04-22 08:54:21,2021-04-22 08:54:21
183,묵호항,37.547875,129.110927,강원도 동해시 임항로 121해양수산사무소 옆 부지,"SO2, CO, O3, NO2, PM10, PM2.5",2021-04-22 08:54:21,2021-04-22 08:54:21
184,철원(DMZ),38.290859,127.179801,강원도 철원군 철원읍 산명리 13456사단 2연대 산명호 인근,"SO2, CO, O3, NO2, PM10, PM2.5",2021-04-22 08:54:21,2021-04-22 08:54:21
185,화천(DMZ),38.247827,127.79066,강원도 화천군 화천읍 풍산리 산2697사단 GOP 소백암소초 인근,"SO2, CO, O3, NO2, PM10, PM2.5",2021-04-22 08:54:21,2021-04-22 08:54:21
186,인제(DMZ),38.389557,128.248144,강원도 고성군 수동면 신탄리 산6번지51연대 44소초 인근,"SO2, CO, O3, NO2, PM10, PM2.5",2021-04-22 08:54:21,2021-04-22 08:54:21
187,고성(DMZ),38.566511,128.280252,강원도 고성군 수동면 외면리 산14번지22사단 56연대 19-2 통문,"SO2, CO, O3, NO2, PM10, PM2.5",2021-04-22 08:54:21,2021-04-22 08:54:21
188,광복동,35.099849,129.030344,부산 중구 광복로 55번길 10광복동주민센터 옥상,"SO2, CO, O3, NO2, PM10, PM2.5",2021-04-22 08:54:21,2021-04-22 08:54:21
189,초량동,35.127142,129.046701,부산 동구 중앙대로349번길 14부산진역 1번 출구(윤흥신장군 동상옆),"SO2, CO, O3, NO2, PM10, PM2.5",2021-04-22 08:54:21,2021-04-22 08:54:21
190,태종대,35.063038,129.080909,부산 영도구 전망로 24태종대유원지관리사무소 3층,"SO2, CO, O3, NO2, PM10, PM2.5",2021-04-22 08:54:21,2021-04-22 08:54:21
191,청학동,35.090811,129.058362,부산광역시 영도구 청학남로13번길 18청학동 어울림마당 (청학동),"SO2, CO, O3, NO2, PM10, PM2.5",2021-04-22 08:54:21,2021-04-22 08:54:21
192,전포동,35.1556258,129.063259,부산광역시 부산진구 전포대로209번길 26놀이마루 운동장 남편 (전포동),"SO2, CO, O3, NO2, PM10, PM2.5",2021-04-22 08:54:21,2021-04-22 08:54:21
193,온천동,35.2071463,129.076217,부산 동래구 중앙대로1335번길 38내산초등학교 동쪽 대로변 (온천동),"SO2, CO, O3, NO2, PM10, PM2.5",2021-04-22 08:54:21,2021-04-22 08:54:21
194,명장동,35.204728,129.1042,부산 동래구 명장로 32명장1동 주민센터 옥상,"O3, NO2, PM10, PM2.5",2021-04-22 08:54:21,2021-04-22 08:54:21
195,대연동,35.129493,129.086128,부산 남구 수영로 196번길 80부산공업고등학교 공동실습관 옥상,"SO2, CO, O3, NO2, PM10, PM2.5",2021-04-22 08:54:21,2021-04-22 08:54:21
196,학장동,35.154292,128.979342,부산 사상구 대동로 205학장초등학교 옥상,"SO2, CO, O3, NO2, PM10, PM2.5",2021-04-22 08:54:21,2021-04-22 08:54:21
197,덕천동,35.207825,129.006080555,부산 북구 덕천2길 10덕천초등학교 운동장 남쪽 화단,"SO2, CO, O3, NO2, PM10, PM2.5",2021-04-22 08:54:21,2021-04-22 08:54:21
198,화명동,35.233361,129.007694,부산광역시 북구 용당로16번길 22장미원 (화명동),"O3, NO2, PM10, PM2.5",2021-04-22 08:54:21,2021-04-22 08:54:21
199,청룡동,35.274045,129.090793,부산 금정구 청룡로 25청룡노포동주민센터 옥상,"O3, NO2, PM10, PM2.5",2021-04-22 08:54:21,2021-04-22 08:54:21
200,좌동,35.1708927,129.1741659,부산 해운대구 양운로 91좌1동주민센터 옥상,"SO2, CO, O3, NO2, PM10, PM2.5",2021-04-22 08:54:21,2021-04-22 08:54:21
201,재송동,35.182668,129.118136,부산광역시 해운대구 센텀동로 191동부하수처리장 (재송동),"SO2, CO, O3, NO2, PM10, PM2.5",2021-04-22 08:54:21,2021-04-22 08:54:21
202,장림동,35.08298,128.9667622,부산 사하구 장림로 161번길 2장림1동주민센터 옥상,"SO2, CO, O3, NO2, PM10, PM2.5",2021-04-22 08:54:21,2021-04-22 08:54:21
203,대저동,35.20958,128.9713671,부산광역시 강서구 체육공원로 43강서체육공원 (대저1동),"SO2, CO, O3, NO2, PM10, PM2.5",2021-04-22 08:54:21,2021-04-22 08:54:21
204,녹산동,35.0866322,128.8639,부산 강서구 녹산산단 382로 49번길 39부산환경공단 녹산사업소,"SO2, CO, O3, NO2, PM10, PM2.5",2021-04-22 08:54:21,2021-04-22 08:54:21
205,명지동,35.105555,128.925833,부산광역시 강서구 명지동 3513-3봄뜰공원 (명지동),"SO2, CO, O3, NO2, PM10, PM2.5",2021-04-22 08:54:21,2021-04-22 08:54:21
206,연산동,35.184734,129.078112,부산 연제구 중앙대로 1001부산광역시청 녹음광장 창고,"SO2, CO, O3, NO2, PM10, PM2.5",2021-04-22 08:54:21,2021-04-22 08:54:21
207,기장읍,35.2460177,129.2116801,부산 기장군 기장읍 읍내로 69기장초등학교 옥상,"SO2, CO, O3, NO2, PM10, PM2.5",2021-04-22 08:54:21,2021-04-22 08:54:21
208,용수리,35.325306,129.178434,부산 기장군 정관읍 용수로 4정관읍사무소 옥상,"SO2, CO, O3, NO2, PM10, PM2.5",2021-04-22 08:54:21,2021-04-22 08:54:21
209,부강면,36.527029,127.370516,세종특별자치시 부강면 부강외천로 20문화복지회관 옥상,"SO2, CO, O3, NO2, PM10, PM2.5",2021-04-22 08:54:21,2021-04-22 08:54:21
210,중앙동(강원),37.3528063,127.9475408,강원 원주시 충정길 12(학성동 206-6)중앙동주민센터 3층 옥상,"SO2, CO, O3, NO2, PM10, PM2.5",2021-04-22 08:54:21,2021-04-22 08:54:21
211,반곡동(명륜동),37.335732,127.976971,"강원도 원주시 배울로 215(반곡동 1816-2, 배울체육공원 지상) (반곡동)","SO2, CO, O3, NO2, PM10, PM2.5",2021-04-22 08:54:21,2021-04-22 08:54:21
212,문막읍,37.3125964,127.8171686,강원도 원주시 문막읍 건등로 11문막읍행정복지센터 부지내 지상,"SO2, CO, O3, NO2, PM10, PM2.5",2021-04-22 08:54:21,2021-04-22 08:54:21
213,옥천동,37.7601328,128.9028489,강원 강릉시 경강로 2179(옥천동 327-2)옥천동주민센터 2층 옥상,"SO2, CO, O3, NO2, PM10, PM2.5",2021-04-22 08:54:21,2021-04-22 08:54:21
214,천곡동,37.5247935,129.1140452,강원 동해시 천곡로 77(천곡동 806)동해시의회 2층 옥상,"SO2, CO, O3, NO2, PM10, PM2.5",2021-04-22 08:54:21,2021-04-22 08:54:21
215,남양동1,37.4425401,129.168344,강원 삼척시 남양길 11(남양동 331-9)남양동주민센터 3층 옥상,"SO2, CO, O3, NO2, PM10, PM2.5",2021-04-22 08:54:21,2021-04-22 08:54:21
216,평창읍,37.3607189,128.3889413,강원 평창군 평창읍 종부로 61(종부리 504)평창군보건의료원 2층 옥상,"SO2, CO, O3, NO2, PM10, PM2.5",2021-04-22 08:54:21,2021-04-22 08:54:21
217,북평면,37.43005,128.664717,강원 정선군 북평면 남평리412-1번지,"SO2, CO, O3, NO2, PM10, PM2.5",2021-04-22 08:54:21,2021-04-22 08:54:21
218,정선읍,37.3797566,128.6611257,강원도 정선군 정선읍 정선로 1331정선읍행정복지센터 옥상,"SO2, CO, O3, NO2, PM10, PM2.5",2021-04-22 08:54:21,2021-04-22 08:54:21
219,간성읍,38.285319,128.390769,강원 고성군 간성읍흘리 산 1-92(동원농산내 야산),"SO2, CO, O3, NO2, PM10, PM2.5",2021-04-22 08:54:21,2021-04-22 08:54:21
220,치악산,37.360494,128.12555,강원 횡성군 강림면 강림리(치악산)1538번지 강림면사무소 옥상,"SO2, CO, O3, NO2, PM10, PM2.5",2021-04-22 08:54:21,2021-04-22 08:54:21
221,횡성읍,37.4898188,127.9828934,강원도 횡성군 횡성읍 중앙로 30친환경급식지원센터,"SO2, CO, O3, NO2, PM10, PM2.5",2021-04-22 08:54:21,2021-04-22 08:54:21
222,상리,38.3807542,128.4635415,강원도 고성군 간성읍 수성로 160상리 측정소,"SO2, CO, O3, NO2, PM10, PM2.5",2021-04-22 08:54:21,2021-04-22 08:54:21
223,양양읍,38.0752566,128.6181141,강원도 양양군 양양읍 남문로 39양양군 군의회 옥상,"SO2, CO, O3, NO2, PM10, PM2.5",2021-04-22 08:54:21,2021-04-22 08:54:21
224,금호동,38.2068718,128.5881299,강원도 속초시 중앙시장로 43금호동주민센터 (중앙동),"SO2, CO, O3, NO2, PM10, PM2.5",2021-04-22 08:54:21,2021-04-22 08:54:21
225,갈말읍,38.1466058,127.3124628,강원도 철원군 갈말읍 삼부연로 51철원군청,"SO2, CO, O3, NO2, PM10, PM2.5",2021-04-22 08:54:21,2021-04-22 08:54:21
226,홍천읍,37.6837538,127.8800359,강원도 홍천군 홍천읍 연봉동로 27홍천기상관측소,"SO2, CO, O3, NO2, PM10, PM2.5",2021-04-22 08:54:21,2021-04-22 08:54:21
227,영월읍,37.1725568,128.4551652,강원도 영월군 영월읍 팔괴로 7-3능동배수펌프장 부지내 지상,"SO2, CO, O3, NO2, PM10, PM2.5",2021-04-22 08:54:21,2021-04-22 08:54:21
228,화천읍,38.1063175,127.7080039,강원도 화천군 화천읍 화천새싹길 45건설방재과 옥상,"SO2, CO, O3, NO2, PM10, PM2.5",2021-04-22 08:54:21,2021-04-22 08:54:21
229,황지동,37.1626445,128.9867779,강원도 태백시 태붐로 21태백시청 부지 내 지상 (황지동),"SO2, CO, O3, NO2, PM10, PM2.5",2021-04-22 08:54:21,2021-04-22 08:54:21
230,인제읍,38.0601472,128.1665652,강원도 인제군 인제읍 비봉로44번길 93인제군기상관측소,"SO2, CO, O3, NO2, PM10, PM2.5",2021-04-22 08:54:21,2021-04-22 08:54:21
231,호암동,36.964567,127.926158,충북 충주시 호암동 562(충주시 청소년수련원 옥상)(중원대로 3324)청소년수련원 옥상,"SO2, CO, O3, NO2, PM10, PM2.5",2021-04-22 08:54:21,2021-04-22 08:54:21
232,칠금동,36.982086,127.919206,충북 충주시 칠금동 874번지(칠금동 주민센터 옥상)(칠금 중랑로 37)칠금금릉동 주민센터 옥상,"SO2, CO, O3, NO2, PM10, PM2.5",2021-04-22 08:54:21,2021-04-22 08:54:21
233,중앙탑면,37.010228,127.81517,충북 충주시 중앙탑면 기업도시로 237서충주 국공립어린이집 측면부지,"SO2, CO, O3, NO2, PM10, PM2.5",2021-04-22 08:54:21,2021-04-22 08:54:21
234,살미면,36.905231,127.964141,충북 충주시 살미면 세성양지말길 41살미면 행정복지센터 주차장 옆,"SO2, CO, O3, NO2, PM10, PM2.5",2021-04-22 08:54:21,2021-04-22 08:54:21
235,장락동,37.145137,128.220664,"충북 제천시 장락동 672-8(내제로 318),(시립도서관 주차장 옆, 화단)의병도서관 지상","SO2, CO, O3, NO2, PM10, PM2.5",2021-04-22 08:54:21,2021-04-22 08:54:21
236,영천동,37.125508,128.198426,충북 제천시 청풍호로8길 7비점오염원 관리시설 뒤편 공터 (영천동),"SO2, CO, O3, NO2, PM10, PM2.5",2021-04-22 08:54:21,2021-04-22 08:54:21
237,청풍면,37,128.1675,충북 제천시 청풍면 청풍호로 2115청풍면행정복지센터 옆쪽 공터,"SO2, CO, O3, NO2, PM10, PM2.5",2021-04-22 08:54:21,2021-04-22 08:54:21
238,오창읍,36.709057,127.421992,충북 청주시 청원구 오창읍 각리 637-4 각리중학교 4층(오창중앙로 48)각리중학교 옥상,"SO2, CO, O3, NO2, PM10, PM2.5",2021-04-22 08:54:21,2021-04-22 08:54:21
239,산남동,36.6132262,127.4686138,충북 청주시 서원구 원흥로 81청주지방법원 옆 주차장 지상 (산남동),"SO2, CO, O3, NO2, PM10, PM2.5",2021-04-22 08:54:21,2021-04-22 08:54:21
240,오송읍,36.6313584,127.3294723,충북 청주시 흥덕구 오송읍 오송생명로 150오송읍 사무소 별관 지상,"SO2, CO, O3, NO2, PM10, PM2.5",2021-04-22 08:54:21,2021-04-22 08:54:21
241,가덕면,36.553449,127.546407,충북 청주시 상당구 가덕면 보청대로 4650가덕면사무소 앞쪽 부지,"SO2, CO, O3, NO2, PM10, PM2.5",2021-04-22 08:54:21,2021-04-22 08:54:21
242,매포읍,37.0334,128.2957,"충북 단양군 매포읍 평동리 1274(평동33길 3),(매포 보건지소 마당)매포보건지소 지상","SO2, CO, O3, NO2, PM10, PM2.5",2021-04-22 08:54:21,2021-04-22 08:54:21
243,단성면,36.93885,128.32028,충북 단양군 단성면 충혼로 52-1단성보건지소 주차장(지면),"SO2, CO, O3, NO2, PM10, PM2.5",2021-04-22 08:54:21,2021-04-22 08:54:21
244,단양읍,36.987924,128.364813,충북 단양군 단양읍 별곡6길 26공설운동장 공중화장실 옥상,"SO2, CO, O3, NO2, PM10, PM2.5",2021-04-22 08:54:21,2021-04-22 08:54:21
245,청천면,36.730926,127.804682,충북 괴산군 청천면 송문로 덕평길54-13(덕평민원봉사실),"SO2, CO, O3, NO2, PM10, PM2.5",2021-04-22 08:54:21,2021-04-22 08:54:21
246,괴산읍,36.8075573,127.789237,충북 괴산군 괴산읍 서부리 377-1반석아파트 앞 지상,"SO2, CO, O3, NO2, PM10, PM2.5",2021-04-22 08:54:21,2021-04-22 08:54:21
247,감물면,36.166203,127.875173,충북 괴산군 감물면 충민로신대길 13감물면사무소 지상,"SO2, CO, O3, NO2, PM10, PM2.5",2021-04-22 08:54:21,2021-04-22 08:54:21
248,진천읍,36.8550153,127.4413124,충북 진천군 진천읍 상산로 65 읍내리 370-1진천읍사무소 옥상,"SO2, CO, O3, NO2, PM10, PM2.5",2021-04-22 08:54:21,2021-04-22 08:54:21
249,덕산읍,36.904796,127.544593,충북 진천군 덕산읍 대월로 90혁신도시공원 관리사무소 옥상,"SO2, CO, O3, NO2, PM10, PM2.5",2021-04-22 08:54:21,2021-04-22 08:54:21
250,금왕,36.994135,127.604512,충북 음성군 금왕읍 무극로370 (금왕공설운동장내),"SO2, CO, O3, NO2, PM10, PM2.5",2021-04-22 08:54:21,2021-04-22 08:54:21
251,음성읍,36.928577,127.6886158,충북 음성군 음성읍 중앙로 49읍성보건소 옥상,"SO2, CO, O3, NO2, PM10, PM2.5",2021-04-22 08:54:21,2021-04-22 08:54:21
252,소이면,36.923449,127.75545,충북 음성군 소이면 소이로 409소이면전천후게이트볼장 공터,"SO2, CO, O3, NO2, PM10, PM2.5",2021-04-22 08:54:21,2021-04-22 08:54:21
253,영동읍,36.172773,127.777839,충북 영동군 영동읍 계산로2길 25레인보우도서관 옥상,"SO2, CO, O3, NO2, PM10, PM2.5",2021-04-22 08:54:21,2021-04-22 08:54:21
254,증평읍,36.792185,127.587032,충북 증평군 증평읍 송산리 123-2폐수중계펌프장 지상,"SO2, CO, O3, NO2, PM10, PM2.5",2021-04-22 08:54:21,2021-04-22 08:54:21
255,보은읍,36.4834401,127.7168474,충북 보은군 보은읍 삼산로 50보은읍 행정복지센터 옥상,"SO2, CO, O3, NO2, PM10, PM2.5",2021-04-22 08:54:21,2021-04-22 08:54:21
256,옥천읍,36.305084,127.570789,충북 옥천군 옥천읍 중앙로 99(옥천군청 통합관제 센터 옥상)옥천군청 통합관제 센터 옥상,"SO2, CO, O3, NO2, PM10, PM2.5",2021-04-22 08:54:21,2021-04-22 08:54:21
257,삼천동,35.798946,127.121698,전북 전주시 완산구 용리로 107삼천도서관 옥상,"SO2, CO, O3, NO2, PM10, PM2.5",2021-04-22 08:54:21,2021-04-22 08:54:21
258,팔복동,35.851533,127.087,전북 전주시 덕진구 서귀로 107청소년자유센터 옥상 (팔복동3가),"SO2, CO, O3, NO2, PM10, PM2.5",2021-04-22 08:54:21,2021-04-22 08:54:21
259,송천동,35.867398,127.117517,전북 전주시 덕진구 동부대로 1183전주시 농수산물도매시장 관리동 (송천동2가),"SO2, CO, O3, NO2, PM10, PM2.5",2021-04-22 08:54:21,2021-04-22 08:54:21
260,서신동,35.833725,127.122751,전북 전주시 완산구 백제대로 450통일광장사거리 교통섬 (서신동),"SO2, CO, NO2, PM10, PM2.5",2021-04-22 08:54:21,2021-04-22 08:54:21
261,혁신동,35.846502,127.062725,전북 전주시 덕진구 중동로 150공원 내 (장동),"SO2, CO, O3, NO2, PM10, PM2.5",2021-04-22 08:54:21,2021-04-22 08:54:21
262,신풍동(군산),35.97285,126.700733,전북 군산시 대학로 215신풍동주민센터 옥상 (문화동),"SO2, CO, O3, NO2, PM10, PM2.5",2021-04-22 08:54:21,2021-04-22 08:54:21
263,소룡동,35.973333,126.651417,전북 군산시 외항1길 222. (롯데주류) 3층옥상롯데주류,"SO2, CO, O3, NO2, PM10, PM2.5",2021-04-22 08:54:21,2021-04-22 08:54:21
264,개정동,35.964433,126.754533,전북 군산시 번영로 339-5개정동주민센터 (개정동),"SO2, CO, O3, NO2, PM10, PM2.5",2021-04-22 08:54:21,2021-04-22 08:54:21
265,옥산면,35.93937,126.74836,전북 군산시 옥산면 산성로 200옥산면사무소 옥상,"SO2, CO, O3, NO2, PM10, PM2.5",2021-04-22 08:54:21,2021-04-22 08:54:21
266,비응도동,35.94904,126.58341,전북 군산시 새만금북로 43비응 119 안전센터 옥상 (비응도동),"SO2, CO, O3, NO2, PM10, PM2.5",2021-04-22 08:54:21,2021-04-22 08:54:21
267,말도,35.858226,126.315328,전북 군산시 옥도면 말도2길 29말도 항로표지관리소,"PM10, PM2.5",2021-04-22 08:54:21,2021-04-22 08:54:21
268,삼기면,36.0202555,126.9838398,전북 익산시 삼기면 황금로 513삼기면 행정복지센터 옥상,"SO2, CO, O3, NO2, PM10, PM2.5",2021-04-22 08:54:21,2021-04-22 08:54:21
269,팔봉동,35.961633,127.004233,전북 익산시 무왕로 1338. 익산소방서옥상,"SO2, CO, O3, NO2, PM10, PM2.5",2021-04-22 08:54:21,2021-04-22 08:54:21
270,모현동,35.9546,126.9414,전북 익산시 배산로 189-10익산시 청소년문화의 집 옥상,"SO2, CO, O3, NO2, PM10, PM2.5",2021-04-22 08:54:21,2021-04-22 08:54:21
271,용동면,36.1097343,126.9915668,전북 익산시 용동면 용동1길 80-4용동복지회관 옥상,"SO2, CO, O3, NO2, PM10, PM2.5",2021-04-22 08:54:21,2021-04-22 08:54:21
272,함열읍,36.07865,126.96658,전북 익산시 함열읍 함열중앙로 83익산시청 북부청사 옥상,"SO2, CO, O3, NO2, PM10, PM2.5",2021-04-22 08:54:21,2021-04-22 08:54:21
273,연지동,35.568445,126.845886,전북 정읍시 조곡천1길 7. 여성문화관 옥상,"SO2, CO, O3, NO2, PM10, PM2.5",2021-04-22 08:54:21,2021-04-22 08:54:21
274,신태인,35.688012,126.886775,전북 정읍시 신태인읍 신태인중앙로 14신태인읍사무소,"SO2, CO, O3, NO2, PM10, PM2.5",2021-04-22 08:54:21,2021-04-22 08:54:21
275,영파동,35.608889,126.852778,전북 정읍시 영파동 232-1정읍 공공하수처리시설 옥상 (영파동),"SO2, CO, O3, NO2, PM10, PM2.5",2021-04-22 08:54:21,2021-04-22 08:54:21
276,죽항동,35.409278,127.384754,전북 남원시 비석길 72죽항동주민센터 옥상 (죽항동),"SO2, CO, O3, NO2, PM10, PM2.5",2021-04-22 08:54:21,2021-04-22 08:54:21
277,고창읍,35.438094,126.71279,전북 고창군 고창읍 월곡공원1길 36고창군여성회관,"SO2, CO, O3, NO2, PM10, PM2.5",2021-04-22 08:54:21,2021-04-22 08:54:21
278,심원면,35.5241766,126.5508918,전북 고창군 심원면 심원로 211심원면사무소,"SO2, CO, O3, NO2, PM10, PM2.5",2021-04-22 08:54:21,2021-04-22 08:54:21
279,부안읍,35.724299,126.734415,전북 부안군 행안면 변산로 16농업인 회관,"SO2, CO, O3, NO2, PM10, PM2.5",2021-04-22 08:54:21,2021-04-22 08:54:21
280,새만금,35.6971,126.55916,전북 부안군 변산면 새만금로470(가력배수갑문관리소내),"SO2, CO, O3, NO2, PM10, PM2.5",2021-04-22 08:54:21,2021-04-22 08:54:21
281,계화면,35.761674,126.698103,전북 부안군 계화면 간재로 405계화면사무소 옥상,"SO2, CO, O3, NO2, PM10, PM2.5",2021-04-22 08:54:21,2021-04-22 08:54:21
282,요촌동,35.80491,126.891416,전북 김제시 요촌중길 50요촌동 주민센터 옥상,"SO2, CO, O3, NO2, PM10, PM2.5",2021-04-22 08:54:21,2021-04-22 08:54:21
283,고산면,35.976403,127.205523,전북 완주군 고산면 고산로 69-13고산면주민자치센터 옥상,"SO2, CO, O3, NO2, PM10, PM2.5",2021-04-22 08:54:21,2021-04-22 08:54:21
284,봉동읍,35.941567,127.165783,전북 완주군 봉동읍 삼봉로 9333층 옥외광장,"SO2, CO, O3, NO2, PM10, PM2.5",2021-04-22 08:54:21,2021-04-22 08:54:21
285,구이면,35.728611,127.136111,전북 완주군 구이면 덕천전원길 232-58술테마박물관 부지,"SO2, CO, O3, NO2, PM10, PM2.5",2021-04-22 08:54:21,2021-04-22 08:54:21
286,진안읍,35.797189,127.434893,전북 진안군 진안읍 진무로 1189진안군 보건소 옥상,"SO2, CO, O3, NO2, PM10, PM2.5",2021-04-22 08:54:21,2021-04-22 08:54:21
287,운암면,35.610533,127.186217,전북 임실군 운암면 선거리51-10,"SO2, CO, O3, NO2, PM10, PM2.5",2021-04-22 08:54:21,2021-04-22 08:54:21
288,임실읍,35.614526,127.286329,전북 임실군 임실읍 운수로 33-50청소년문화의집 옥상,"SO2, CO, O3, NO2, PM10, PM2.5",2021-04-22 08:54:21,2021-04-22 08:54:21
289,관촌면,35.673703,127.270625,전북 임실군 관촌면 사선1길 13관촌면 행정복지센터 옥상,"SO2, CO, O3, NO2, PM10, PM2.5",2021-04-22 08:54:21,2021-04-22 08:54:21
290,무주읍,36.008716,127.662077,전북 무주군 무주읍 향학로 49무주읍사무소 옥상,"SO2, CO, O3, NO2, PM10, PM2.5",2021-04-22 08:54:21,2021-04-22 08:54:21
291,순창읍,35.3744761,127.1373331,전북 순창군 순창읍 경천로 33순창군청 3층 옥상,"SO2, CO, O3, NO2, PM10, PM2.5",2021-04-22 08:54:21,2021-04-22 08:54:21
292,장수읍,35.6473136,127.5211775,전북 장수군 장수읍 호비로 10장수군청 옥상,"SO2, CO, O3, NO2, PM10, PM2.5",2021-04-22 08:54:21,2021-04-22 08:54:21
293,서천읍,36.076309,126.698383,충남 서천군 서천읍 서천로14번길 20서천읍 문예의전당 주차장,"SO2, CO, O3, NO2, PM10, PM2.5",2021-04-22 08:54:21,2021-04-22 08:54:21
294,서면,36.15287,126.549494,충남 서천군 서면 서인로 761서면보건지소옥상,"SO2, CO, O3, NO2, PM10, PM2.5",2021-04-22 08:54:21,2021-04-22 08:54:21
295,장항읍,36.0082698,126.6931231,"충남 서천군 장항읍 장산로 297한국철도시설공단 부지내, 공원로 지상 1층","SO2, CO, O3, NO2, PM10, PM2.5",2021-04-22 08:54:21,2021-04-22 08:54:21
296,청송읍,36.429289,129.056178,경북 청송군 청송읍 금월로 230청송군 영농일자리지원센터 옥상,"SO2, CO, O3, NO2, PM10, PM2.5",2021-04-22 08:54:21,2021-04-22 08:54:21
297,군산항,35.974693,126.58676,전북 군산시 서해로 194항만관리실 옥상,"SO2, CO, O3, NO2, PM10, PM2.5",2021-04-22 08:54:21,2021-04-22 08:54:21
298,신흥,37.468333,126.635,인천 중구 서해대로 471(신흥동 2가)인천보건환경연구원 옥상,"SO2, CO, O3, NO2, PM10, PM2.5",2021-04-22 08:54:21,2021-04-22 08:54:21
299,서해,37.460709,126.631266,인천광역시 중구 서해대로 365-1(항동7가),"SO2, CO, O3, NO2, PM10, PM2.5",2021-04-22 08:54:21,2021-04-22 08:54:21
300,영종,37.494835,126.563919,인천광역시 중구 하늘중앙로 132영종하늘도서관 옥상 (중산동),"SO2, CO, O3, NO2, PM10, PM2.5",2021-04-22 08:54:21,2021-04-22 08:54:21
301,송림,37.473818,126.643199,인천 동구 금곡로 67(송림동)동구의회 옥상,"SO2, CO, O3, NO2, PM10, PM2.5",2021-04-22 08:54:21,2021-04-22 08:54:21
302,구월동,37.449722,126.724167,인천 남동구 구월말로 7(구월동)구월4동 행정복지센터 옥상,"SO2, CO, O3, NO2, PM10, PM2.5",2021-04-22 08:54:21,2021-04-22 08:54:21
303,숭의,37.4725,126.6686,인천 미추홀구 독정안길 26용정초등학교,"SO2, CO, O3, NO2, PM10, PM2.5",2021-04-22 08:54:21,2021-04-22 08:54:21
304,석바위,37.457778,126.690833,인천 미추홀구 주안6동1587(석바위 삼거리),"SO2, CO, O3, NO2, PM10, PM2.5",2021-04-22 08:54:21,2021-04-22 08:54:21
305,부평역,37.482874,126.704943,인천 부평구 광장로 지하15(부평동)부평역 7번 출구,"SO2, CO, O3, NO2, PM10, PM2.5",2021-04-22 08:54:21,2021-04-22 08:54:21
306,남동,37.441164,126.706817,인천광역시 남동구 남동대로 668(구월동),"SO2, CO, O3, NO2, PM10, PM2.5",2021-04-22 08:54:21,2021-04-22 08:54:21
307,주안,37.455474,126.692888,인천광역시 미추홀구 구월남로 27주안도서관 옥상 (주안동),"SO2, CO, O3, NO2, PM10, PM2.5",2021-04-22 08:54:21,2021-04-22 08:54:21
308,부평,37.4903861,126.7236421,인천 부평구 부평대로88번길 19(부평동)인천부평동초등학교 옥상,"SO2, CO, O3, NO2, PM10, PM2.5",2021-04-22 08:54:21,2021-04-22 08:54:21
309,연희,37.545556,126.675833,인천 서구 심곡로 98(심곡동)인천광역시 인재개발원 옥상,"SO2, CO, O3, NO2, PM10, PM2.5",2021-04-22 08:54:21,2021-04-22 08:54:21
310,검단,37.602041,126.661444,인천 서구 검단로502번길 15(마전동)검단출장소 옥상,"SO2, CO, O3, NO2, PM10, PM2.5",2021-04-22 08:54:21,2021-04-22 08:54:21
311,중봉,37.50353,126.64794,인천광역시 서구 중봉대로 274북항배후단지 제1호 완충녹지 (석남동),"SO2, CO, O3, NO2, PM10, PM2.5",2021-04-22 08:54:21,2021-04-22 08:54:21
312,계산,37.546111,126.730278,인천 계양구 계양산로134번길 18(계산동)계양도서관 옥상,"SO2, CO, O3, NO2, PM10, PM2.5",2021-04-22 08:54:21,2021-04-22 08:54:21
313,고잔,37.404839,126.697158,인천 남동구 은봉로 82인천지방중소벤처기업청옥상,"SO2, CO, O3, NO2, PM10, PM2.5",2021-04-22 08:54:21,2021-04-22 08:54:21
314,서창,37.4274,126.7461,인천광역시 남동구 서창남로 101서창어울근린공원 지장 (서창동),"SO2, CO, O3, NO2, PM10, PM2.5",2021-04-22 08:54:21,2021-04-22 08:54:21
315,석남,37.502778,126.674722,인천 서구 거북로 116(석남동)석남2동 행정복지센터 옥상,"SO2, CO, O3, NO2, PM10, PM2.5",2021-04-22 08:54:21,2021-04-22 08:54:21
316,송해,37.764444,126.463333,인천 강화군 송해면 전망대로 29(솔정리)송해면사무소 옥상,"SO2, CO, O3, NO2, PM10, PM2.5",2021-04-22 08:54:21,2021-04-22 08:54:21
317,동춘,37.409493,126.678309,인천 연수구 원인재로 115(동춘동)연수구의회 옥상,"SO2, CO, O3, NO2, PM10, PM2.5",2021-04-22 08:54:21,2021-04-22 08:54:21
318,운서,37.49659,126.487769,인천 중구 영종대로 85(운서동)영종도서관 옥상,"SO2, CO, O3, NO2, PM10, PM2.5",2021-04-22 08:54:21,2021-04-22 08:54:21
319,송현,37.480664,126.63582,인천 동구 수문통로 77송현도로변측정소,"SO2, CO, O3, NO2, PM10, PM2.5",2021-04-22 08:54:21,2021-04-22 08:54:21
320,논현,37.404167,126.726111,인천 남동구 청능대로611번길 54(논현동)근린공원,"SO2, CO, O3, NO2, PM10, PM2.5",2021-04-22 08:54:21,2021-04-22 08:54:21
321,청라,37.537745,126.63879,인천 서구 크리스탈로 131수질정화시설관리동 2층 옥상,"SO2, CO, O3, NO2, PM10, PM2.5",2021-04-22 08:54:21,2021-04-22 08:54:21
322,송도,37.382084,126.654663,인천 연수구 갯벌로 12테크노파크 3층 옥상,"SO2, CO, O3, NO2, PM10, PM2.5",2021-04-22 08:54:21,2021-04-22 08:54:21
323,아암,37.40508,126.63227,인천광역시 연수구 센트럴로 350송도달빛축제공원 지장 (송도동),"SO2, CO, O3, NO2, PM10, PM2.5",2021-04-22 08:54:21,2021-04-22 08:54:21
324,원당,37.5941,126.6986,인천 서구 고산후로121번길 7(원당동)검단선사박물관 옥상,"SO2, CO, O3, NO2, PM10, PM2.5",2021-04-22 08:54:21,2021-04-22 08:54:21
325,길상,37.640887,126.490972,인천 강화군 길상면 강화동로 15-1길상면보건지소 2층,"SO2, CO, O3, NO2, PM10, PM2.5",2021-04-22 08:54:21,2021-04-22 08:54:21
326,삼산,37.51279,126.73643,인천 부평구 충선로 262시냇물공원 (삼산동),"SO2, CO, O3, NO2, PM10, PM2.5",2021-04-22 08:54:21,2021-04-22 08:54:21
327,경인항,37.566459,126.595122,인천 서구 오류동 경인항인천컨테이너 부두 내,"SO2, CO, O3, NO2, PM10, PM2.5",2021-04-22 08:54:21,2021-04-22 08:54:21
328,인천항,37.463043,126.624209,인천 중구 항동7가 1-48내항 24호 창고 앞 부지,"SO2, CO, O3, NO2, PM10, PM2.5",2021-04-22 08:54:21,2021-04-22 08:54:21
329,소사본동,37.4800328,126.7999056,경기 부천시 경인옛로 73소사어울마당 소향관,"SO2, CO, O3, NO2, PM10, PM2.5",2021-04-22 08:54:21,2021-04-22 08:54:21
330,내동,37.5203,126.7737,경기 부천시 삼작로 109신흥동주민센터 앞 도로변,"SO2, CO, O3, NO2, PM10, PM2.5",2021-04-22 08:54:21,2021-04-22 08:54:21
331,중2동,37.4939,126.7701,경기 부천시 심중로 121책마루도서관,"SO2, CO, O3, NO2, PM10, PM2.5",2021-04-22 08:54:21,2021-04-22 08:54:21
332,오정동,37.5278,126.7967,경기 부천시 성오로 172오정어울마당 아트홀,"SO2, CO, O3, NO2, PM10, PM2.5",2021-04-22 08:54:21,2021-04-22 08:54:21
333,송내대로(중동),37.5056,126.759,경기 부천시 송내대로 262계남공원,"SO2, CO, O3, NO2, PM10, PM2.5",2021-04-22 08:54:21,2021-04-22 08:54:21
334,석모리,37.70805,126.28135,인천 강화군 삼산면 석모리347-4(해병 1935부대),"SO2, CO, O3, NO2, PM10, PM2.5",2021-04-22 08:54:21,2021-04-22 08:54:21
335,덕적도,37.233041,126.149272,인천 옹진군 덕적면 진리산 35-4번지,"SO2, CO, O3, NO2, PM10, PM2.5",2021-04-22 08:54:21,2021-04-22 08:54:21
336,백령도,37.938413,124.645669,인천 옹진군 백령면 연화리산241-2,"SO2, CO, O3, NO2, PM10, PM2.5",2021-04-22 08:54:21,2021-04-22 08:54:21
337,영흥,37.255942,126.483536,인천광역시 옹진군 영흥면 영흥로251번길 90영흥 면사무소 2층 옥상 (영흥면사무소),"SO2, CO, O3, NO2, PM10, PM2.5",2021-04-22 08:54:21,2021-04-22 08:54:21
338,연평도,37.652788,125.652904,인천 옹진군 연평면 연평리 631하나회관 옥상,"SO2, CO, O3, NO2, PM10, PM2.5",2021-04-22 08:54:21,2021-04-22 08:54:21
339,울도,37.033578,125.996225,"인천 옹진군 덕적면 울도리 85번지사유지, 이형노","SO2, CO, O3, NO2, PM10, PM2.5",2021-04-22 08:54:21,2021-04-22 08:54:21
340,여천동(울산),35.515703,129.35892,울산 남구 부두로 9현대자동차 엔진공장,"SO2, CO, O3, NO2, PM10, PM2.5",2021-04-22 08:54:21,2021-04-22 08:54:21
341,야음동,35.528793,129.326001,울산 남구 대암로 90번길 27울산세관,"SO2, CO, O3, NO2, PM10, PM2.5",2021-04-22 08:54:21,2021-04-22 08:54:21
342,삼산동,35.544442,129.331878,울산 남구 삼산중로 131번길 36삼산동 주민센터 옥상,"SO2, CO, O3, NO2, PM10, PM2.5",2021-04-22 08:54:21,2021-04-22 08:54:21
343,신정로,35.533314,129.301215,울산 남구 신정2동(문수로)1674(436 학성고등학교),"SO2, CO, O3, NO2, PM10, PM2.5",2021-04-22 08:54:21,2021-04-22 08:54:21
344,신정동,35.534671,129.307806,울산 남구 봉월로 20번길 9신정2동주민센터 옥상,"SO2, CO, O3, NO2, PM10, PM2.5",2021-04-22 08:54:21,2021-04-22 08:54:21
345,덕신리,35.43445,129.30651,울산광역시 울주군 온산읍 덕신로 229고려아연(주) 사택 주차장,"SO2, CO, O3, NO2, PM10, PM2.5",2021-04-22 08:54:21,2021-04-22 08:54:21
346,무거동,35.5509,129.260827,울산 남구 대학로 147번길 38무거동주민센터,"SO2, CO, O3, NO2, PM10, PM2.5",2021-04-22 08:54:21,2021-04-22 08:54:21
347,효문동,35.560301,129.370866,울산 북구 염포로 290효문배수펌프장 옥상,"SO2, CO, O3, NO2, PM10, PM2.5",2021-04-22 08:54:21,2021-04-22 08:54:21
348,상봉동,35.198267,128.07805,경남 진주시 비봉로 85번길 12(상봉동 주민센터 상봉현장 민원실),"SO2, CO, O3, NO2, PM10, PM2.5",2021-04-22 08:54:21,2021-04-22 08:54:21
349,대안동,35.193333,128.084167,경남 진주시 진주대로 1052(중소기업은행),"SO2, CO, O3, NO2, PM10, PM2.5",2021-04-22 08:54:21,2021-04-22 08:54:21
350,상대동,35.180609,128.121781,경남 진주시 동진로 279(한국전력공사 진주지점),"SO2, CO, O3, NO2, PM10, PM2.5",2021-04-22 08:54:21,2021-04-22 08:54:21
351,정촌면,35.1246016667,128.09992247,경남 진주시 정촌면 예하리 1340예하초등학교 앞 공원 지상,"SO2, CO, O3, NO2, PM10, PM2.5",2021-04-22 08:54:21,2021-04-22 08:54:21
352,명서동,35.243402,128.641756,경남 창원시 의창구 우곡로101번길 28명서2동 민원센터 (명서동),"SO2, CO, O3, NO2, PM10, PM2.5",2021-04-22 08:54:21,2021-04-22 08:54:21
353,만촌동,35.865276,128.640031,대구 수성구 만촌2동 934 (동원초등학교)(국채보상로 1000)동원초등학교,"SO2, CO, O3, NO2, PM10, PM2.5",2021-04-22 08:54:21,2021-04-22 08:54:21
354,호림동,35.837879,128.488731,대구 달서구 성서공단로 11길 32 대구기계부품연구원 1동 옥상대구기계부품연구원,"SO2, CO, O3, NO2, PM10, PM2.5",2021-04-22 08:54:21,2021-04-22 08:54:21
355,유가읍,35.695336,128.459293,대구광역시 달성군 유가읍 테크노북로6길 20비슬공원,"SO2, CO, O3, NO2, PM10, PM2.5",2021-04-22 08:54:21,2021-04-22 08:54:21
356,이곡동,35.851205,128.51153,대구 달서구 이곡동1258-2,"SO2, CO, O3, NO2, PM10, PM2.5",2021-04-22 08:54:21,2021-04-22 08:54:21
357,시지동,35.837626,128.697558,대구광역시 수성구 노변공원로 52노변초등학교 (시지동),"SO2, CO, O3, NO2, PM10, PM2.5",2021-04-22 08:54:21,2021-04-22 08:54:21
358,진천동,35.816726,128.528732,대구광역시 달서구 월배로 131월배초등학교 (진천동),"SO2, CO, O3, NO2, PM10, PM2.5",2021-04-22 08:54:21,2021-04-22 08:54:21
359,다사읍,35.864922,128.457164,대구광역시 달성군 다사읍 매곡로12길 37다사읍주민자치센터,"SO2, CO, O3, NO2, PM10, PM2.5",2021-04-22 08:54:21,2021-04-22 08:54:21
360,본동,35.83433,128.541083,대구광역시 달서구 구마로26길 62본동행정복지센터 (본동),"SO2, CO, O3, NO2, PM10, PM2.5",2021-04-22 08:54:21,2021-04-22 08:54:21
361,내당동,35.859,128.55183,대구광역시 서구 서대구로3길 46내당4동 행정복지센터 3층 옥상 (내당동),"SO2, CO, O3, NO2, PM10, PM2.5",2021-04-22 08:54:21,2021-04-22 08:54:21
362,침산동,35.88761,128.58434,대구광역시 북구 옥산로17길 21대구일중학교 (침산동),"SO2, CO, O3, NO2, PM10, PM2.5",2021-04-22 08:54:21,2021-04-22 08:54:21
363,화원읍,35.79736,128.50485,대구광역시 달성군 화원읍 인흥1길 12화원명곡체육공원,"SO2, CO, O3, NO2, PM10, PM2.5",2021-04-22 08:54:21,2021-04-22 08:54:21
364,장흥동,35.980182,129.374795,경북 포항시 남구 철강로 331 공단정수장공단정수장,"SO2, CO, O3, NO2, PM10, PM2.5",2021-04-22 08:54:21,2021-04-22 08:54:21
365,장량동,36.070725,129.380278,경북 포항시 북구 삼흥로 98 북구보건소북구보건소,"SO2, CO, O3, NO2, PM10, PM2.5",2021-04-22 08:54:21,2021-04-22 08:54:21
366,대도동,36.018833,129.365867,경북 포항시 남구 대도동 111-6(상대동평생학습관)상대동평생학습관,"SO2, CO, O3, NO2, PM10, PM2.5",2021-04-22 08:54:21,2021-04-22 08:54:21
367,대송면,35.968522,129.359954,경북 포항시 남구 대송면 장동홍계길19 (대송면사무소 내)대송면사무소,"SO2, CO, O3, NO2, PM10, PM2.5",2021-04-22 08:54:21,2021-04-22 08:54:21
368,3공단,35.963042,129.376848,경북 포항시 남구 대송면 철강산단로130번길 293공단 배수지,"SO2, CO, O3, NO2, PM10, PM2.5",2021-04-22 08:54:21,2021-04-22 08:54:21
369,파도리,36.736316,126.132168,충남 태안군 소원면 파도길51-19,"SO2, CO, O3, NO2, PM10, PM2.5",2021-04-22 08:54:21,2021-04-22 08:54:21
370,이원면,36.869739,126.280761,충남 태안군 이원면 분지길14 (이원면사무소 1층 나동 옥상),"SO2, CO, O3, NO2, PM10, PM2.5",2021-04-22 08:54:21,2021-04-22 08:54:21
371,태안읍,36.746709,126.301512,충남 태안군 태안읍 군청6길태안군장애인복지관,"SO2, CO, O3, NO2, PM10, PM2.5",2021-04-22 08:54:21,2021-04-22 08:54:21
372,격렬비열도,36.62614,125.5579,충남 태안군 근흥면 가의도길 44-71번지서해종합기상관측소 옥상,PM2.5,2021-04-22 08:54:21,2021-04-22 08:54:21
373,예산군,36.687115,126.832093,충남 예산군 예산읍 신흥길 63(다목적 노인회관 옥상),"SO2, CO, O3, NO2, PM10, PM2.5",2021-04-22 08:54:21,2021-04-22 08:54:21
374,대천2동,36.353251,126.589768,충남 보령시 중앙로 142-16(대천2동 주민센터 옥상),"SO2, CO, O3, NO2, PM10, PM2.5",2021-04-22 08:54:21,2021-04-22 08:54:21
375,주교면,36.390845,126.569444,충남 보령시 주교면 울계큰길 396주교면사무소 옥상,"SO2, CO, O3, NO2, PM10, PM2.5",2021-04-22 08:54:21,2021-04-22 08:54:21
376,외연도,36.229272,126.080791,충남 보령시 오천면 외연도리 산64헬기장 옆부지,"SO2, CO, O3, NO2, PM10, PM2.5",2021-04-22 08:54:21,2021-04-22 08:54:21
377,홍성읍,36.597702,126.655133,충남 홍성군 홍성읍 내포로 136번길29 (느티나무 어린이집 옥상),"SO2, CO, O3, NO2, PM10, PM2.5",2021-04-22 08:54:21,2021-04-22 08:54:21
378,내포,36.6529558,126.6677018,충남 홍성군 홍북읍 홍예공원로 8충남보건환경연구원 부지내 1층,"SO2, CO, O3, NO2, PM10, PM2.5",2021-04-22 08:54:21,2021-04-22 08:54:21
379,금산읍,36.107179,127.490685,충남 금산군 금산읍 비호로 69금산읍사무소 별관 1층 옥상,"SO2, CO, O3, NO2, PM10, PM2.5",2021-04-22 08:54:21,2021-04-22 08:54:21
380,청양읍,36.455152,126.804931,충남 청양군 청양읍 칠갑산로7길 54(청양군 보건의료원 옥상),"SO2, CO, O3, NO2, PM10, PM2.5",2021-04-22 08:54:21,2021-04-22 08:54:21
381,정산면,36.41488,126.94505,충남 청양군 정산면 칠갑산로 1861정산커뮤니티센터,"SO2, CO, O3, NO2, PM10, PM2.5",2021-04-22 08:54:21,2021-04-22 08:54:21
382,엄사면,36.286987,127.237919,충남 계룡시 엄사면 번영7길 17엄사도서관 옥상,"SO2, CO, O3, NO2, PM10, PM2.5",2021-04-22 08:54:21,2021-04-22 08:54:21
383,평택당진항,36.930248,126.806683,충남 당진시 신평면 매산리 975서부두 방파제등대 옆,"SO2, CO, O3, NO2, PM10, PM2.5",2021-04-22 08:54:21,2021-04-22 08:54:21
384,대산항,37.012575,126.426621,충남 서산시 대산읍 대죽리 1114대산항 공원부지,"SO2, CO, O3, NO2, PM10, PM2.5",2021-04-22 08:54:21,2021-04-22 08:54:21
385,장항항,36.00799,126.690312,충남 서천군 장항읍 장산로 270-3장항해양수산사무소 옥상,"SO2, CO, O3, NO2, PM10, PM2.5",2021-04-22 08:54:21,2021-04-22 08:54:21
386,신흥동,36.592906,127.292253,세종 조치원읍 군청로 87-16(신흥동)세종특별자치시 조치원청사 옥상,"SO2, CO, O3, NO2, PM10, PM2.5",2021-04-22 08:54:21,2021-04-22 08:54:21
387,아름동,36.51212,127.24643,세종특별자치시 보듬3로 114아름동커뮤니티센터 옥상 (아름동),"SO2, CO, O3, NO2, PM10, PM2.5",2021-04-22 08:54:21,2021-04-22 08:54:21
388,한솔동,36.474172,127.252529,"세종특별자치시 누리로 27첫마을 6단지 관리사무소 옥상 (한솔동, 첫마을6단지)","SO2, CO, O3, NO2, PM10, PM2.5",2021-04-22 08:54:21,2021-04-22 08:54:21
389,송도동,36.0300245,129.3748446,경북 포항시 남구 축항로 55송림초등학교 (송도동),"SO2, CO, O3, NO2, PM10, PM2.5",2021-04-22 08:54:21,2021-04-22 08:54:21
390,오천읍,35.9668107,129.4086805,경북 포항시 남구 오천읍 냉천로320번길 4-11오천읍민복지회관,"SO2, CO, O3, NO2, PM10, PM2.5",2021-04-22 08:54:21,2021-04-22 08:54:21
391,청림동,35.9972932,129.4057291,경북 포항시 남구 신항로 10청림동주민센터 (청림동),"SO2, CO, O3, NO2, PM10, PM2.5",2021-04-22 08:54:21,2021-04-22 08:54:21
392,성건동,35.850801,129.207344,경북 경주시 성건동 667-3(성건동주민센터)성건동주민센터,"SO2, CO, O3, NO2, PM10, PM2.5",2021-04-22 08:54:21,2021-04-22 08:54:21
393,보덕동,35.8357805,129.2869852,경북 경주시 경감로 587-18경주스마트미디어센터 지상,"SO2, CO, O3, NO2, PM10, PM2.5",2021-04-22 08:54:21,2021-04-22 08:54:21
394,안강읍,35.9907908,129.2269476,경북 경주시 안강읍 비화동길 9-40대한노인회 경주시지회 안강읍분회 옥상,"SO2, CO, O3, NO2, PM10, PM2.5",2021-04-22 08:54:21,2021-04-22 08:54:21
395,외동읍,35.7156428,129.3234158,경북 경주시 외동읍 입실로3길 31외동보건지소 옥상,"SO2, CO, O3, NO2, PM10, PM2.5",2021-04-22 08:54:21,2021-04-22 08:54:21
396,평화남산동(신음동),36.120551,128.116213,경북 김천시 평화순환길 291평화남산동주민센터 옥상 (평화동),"SO2, CO, O3, NO2, PM10, PM2.5",2021-04-22 08:54:21,2021-04-22 08:54:21
397,대광동,36.1439851,128.1370361,경북 김천시 공단2길 30-22평생교육원 별관 2층 옥상,"SO2, CO, O3, NO2, PM10, PM2.5",2021-04-22 08:54:21,2021-04-22 08:54:21
398,율곡동,36.1214646,128.183796,경북 김천시 혁신4로 21율곡동 주민센터 옥상 (율곡동),"SO2, CO, O3, NO2, PM10, PM2.5",2021-04-22 08:54:21,2021-04-22 08:54:21
399,명륜동,36.564207,128.728086,경북 안동시 퇴계로 115 (명륜동)안동시청 경민관 옥상,"SO2, CO, O3, NO2, PM10, PM2.5",2021-04-22 08:54:21,2021-04-22 08:54:21
400,공단동,36.105052,128.384038,경북 구미시 공단동 256-18 (근로자종합복지회)근로자종합복지회,"SO2, CO, O3, NO2, PM10, PM2.5",2021-04-22 08:54:21,2021-04-22 08:54:21
401,원평동,36.130742,128.32579,경북 구미시 원평동 56-4(구미중앙로 24)동사무소,"SO2, CO, O3, NO2, PM10, PM2.5",2021-04-22 08:54:21,2021-04-22 08:54:21
402,형곡동,36.114033,128.335603,경북 구미시 형곡동 142(구미시립도서관)구미시립도서관,"SO2, CO, O3, NO2, PM10, PM2.5",2021-04-22 08:54:21,2021-04-22 08:54:21
403,4공단,36.141641,128.438685,경북 구미시 산동읍 첨단기업1로 17구미전자정보기술원 혁신관 옥상,"SO2, CO, O3, NO2, PM10, PM2.5",2021-04-22 08:54:21,2021-04-22 08:54:21
404,진미동,36.10605,128.4187,경북 구미시 이계북로 149진미동 행정복지센터 (진평동),"SO2, CO, O3, NO2, PM10, PM2.5",2021-04-22 08:54:21,2021-04-22 08:54:21
405,가흥동,36.82066,128.61209,경북 영주시 가흥로 263시립도서관 내 (가흥동),"SO2, CO, O3, NO2, PM10, PM2.5",2021-04-22 08:54:21,2021-04-22 08:54:21
406,중방동,35.825174,128.743217,경북 경산시 중방동 708-5 남매로 158경산시보건소 정신보건센터 2층,"SO2, CO, O3, NO2, PM10, PM2.5",2021-04-22 08:54:21,2021-04-22 08:54:21
407,상주시,36.428917,128.157757,경북 상주시 북천로 63북문동주민센터,"SO2, CO, O3, NO2, PM10, PM2.5",2021-04-22 08:54:21,2021-04-22 08:54:21
408,칠곡군,35.990702,128.418493,경북 칠곡군 왜관읍 관문로1길 30칠곡군 보건소 건강증진센터 옥상,"SO2, CO, O3, NO2, PM10, PM2.5",2021-04-22 08:54:21,2021-04-22 08:54:21
409,영덕읍,36.420285,129.3637254,경북 영덕군 영덕읍 삼근길 6-7영덕군민운동장 옆,"SO2, CO, O3, NO2, PM10, PM2.5",2021-04-22 08:54:21,2021-04-22 08:54:21
410,강구면,36.363249,129.389769,경북 영덕군 강구면 강구리 167강구대게축구장 내,"SO2, CO, O3, NO2, PM10, PM2.5",2021-04-22 08:54:21,2021-04-22 08:54:21
411,영해면,36.537527,129.407086,경북 영덕군 영해면 예주3길 7영해면행정복지센터 옥상,"SO2, CO, O3, NO2, PM10, PM2.5",2021-04-22 08:54:21,2021-04-22 08:54:21
412,문경시,36.58667,128.18591,경북 문경시 시청2길 45모전도서관 옥상 (모전동),"SO2, CO, O3, NO2, PM10, PM2.5",2021-04-22 08:54:21,2021-04-22 08:54:21
413,성주군,35.9174536,128.2902229,경북 성주군 성주읍 성주로 3258성주군 별고을교육원 옥상,"SO2, CO, O3, NO2, PM10, PM2.5",2021-04-22 08:54:21,2021-04-22 08:54:21
414,화북면,36.112801,128.92785,경북 영천시 화북면천문로 2304-21(화북정수장내),"SO2, CO, O3, NO2, PM10, PM2.5",2021-04-22 08:54:21,2021-04-22 08:54:21
415,영천시,35.9729798,128.9376783,경북 영천시 시청로 23영천 별빛직장어린이집,"SO2, CO, O3, NO2, PM10, PM2.5",2021-04-22 08:54:21,2021-04-22 08:54:21
416,안계면,36.3692,128.456533,경북 의성군 안계면 위양2길 9-26정수장,"SO2, CO, O3, NO2, PM10, PM2.5",2021-04-22 08:54:21,2021-04-22 08:54:21
417,의성읍,36.35266,128.69676,경북 의성군 의성읍 군청길 31의성군청 별관 옥상,"SO2, CO, O3, NO2, PM10, PM2.5",2021-04-22 08:54:21,2021-04-22 08:54:21
418,울진군,36.9973684,129.4027221,경북 울진군 울진읍 읍내10길 19울진읍사무소,"SO2, CO, O3, NO2, PM10, PM2.5",2021-04-22 08:54:21,2021-04-22 08:54:21
419,석포면,37.0485072,129.065288,경북 봉화군 석포면 석포로1길 55석포면사무소 앞,"SO2, CO, O3, NO2, PM10, PM2.5",2021-04-22 08:54:21,2021-04-22 08:54:21
420,태하리,37.518636,130.7970965,경북 울릉군 서면 태하리산99-3 (울릉군 항로표지관리소),"SO2, CO, O3, NO2, PM10, PM2.5",2021-04-22 08:54:21,2021-04-22 08:54:21
421,울릉읍,37.488209,130.9040474,경북 울릉군 울릉읍 도동2길 65울릉군민회관,"SO2, CO, O3, NO2, PM10, PM2.5",2021-04-22 08:54:21,2021-04-22 08:54:21
422,대가야읍,35.7268791,128.2823425,경북 고령군 대가야읍 성산로 46고령배수지,"SO2, CO, O3, NO2, PM10, PM2.5",2021-04-22 08:54:21,2021-04-22 08:54:21
423,군위읍,36.23727,128.57394,경북 군위군 군위읍 군청로 158군위종합테니스장 옥상,"SO2, CO, O3, NO2, PM10, PM2.5",2021-04-22 08:54:21,2021-04-22 08:54:21
424,영양군,36.66707,129.11228,경북 영양군 영양읍 군청길 37영양군청 옥상,"SO2, CO, O3, NO2, PM10, PM2.5",2021-04-22 08:54:21,2021-04-22 08:54:21
425,예천군,36.576821,128.472886,경북 예천군 호명면 행복7길 25-4예천군 통합관제센터 옥상,"SO2, CO, O3, NO2, PM10, PM2.5",2021-04-22 08:54:21,2021-04-22 08:54:21
426,화양읍,35.64988,128.70616,경북 청도군 화양읍 도주관로 159화양읍사무소 옥상,"SO2, CO, O3, NO2, PM10, PM2.5",2021-04-22 08:54:21,2021-04-22 08:54:21
427,포항항,36.006021,129.41491,경북 포항시 남구 신항로 99-98제4부두 인근,"SO2, CO, O3, NO2, PM10, PM2.5",2021-04-22 08:54:21,2021-04-22 08:54:21
428,읍내동,36.372778,127.417222,대전 대덕구 대전로 1331번길 75(태아산업(주))태아산업(주),"SO2, CO, O3, NO2, PM10, PM2.5",2021-04-22 08:54:21,2021-04-22 08:54:21
429,문평동,36.446944,127.404722,대전 대덕구 문평동로 18번길 34(문평동 119안전센터)문평동 119안전센터,"SO2, CO, O3, NO2, PM10, PM2.5",2021-04-22 08:54:21,2021-04-22 08:54:21
430,문창동,36.316111,127.437778,대전 중구 보문로 20번길 38(문창동 주민센터)문창동 주민센터,"SO2, CO, O3, NO2, PM10, PM2.5",2021-04-22 08:54:21,2021-04-22 08:54:21
431,구성동,36.372411,127.373938,대전 유성구 대학로 407 보건환경연구원보건환경연구원,"SO2, CO, O3, NO2, PM10, PM2.5",2021-04-22 08:54:21,2021-04-22 08:54:21
432,노은동,36.3682,127.3185,대전 유성구 노은동로 87번길 89(노은1동 주민센터)노은1동 주민센터 3층 옥상,"SO2, CO, O3, NO2, PM10, PM2.5",2021-04-22 08:54:21,2021-04-22 08:54:21
433,상대동(대전),36.3364108,127.3349525,대전광역시 유성구 도안대로 398대전역사박물관 (상대동),"SO2, CO, O3, NO2, PM10, PM2.5",2021-04-22 08:54:21,2021-04-22 08:54:21
434,관평동,36.425168,127.395931,대전광역시 유성구 테크노중앙로 88동화울수변공원 내 (관평동),"SO2, CO, O3, NO2, PM10, PM2.5",2021-04-22 08:54:21,2021-04-22 08:54:21
435,대흥동1,36.323889,127.418333,대전 중구 중앙로 58도로변,"SO2, CO, O3, NO2, PM10, PM2.5",2021-04-22 08:54:21,2021-04-22 08:54:21
436,성남동1,36.344444,127.437222,대전 동구 계족로 368번길 70(성남동 주민센터)성남동 주민센터,"SO2, CO, O3, NO2, PM10, PM2.5",2021-04-22 08:54:21,2021-04-22 08:54:21
437,대성동,36.3018429,127.4602048,대전광역시 동구 동구청로 36남부여성가족원 (대성동),"SO2, CO, O3, NO2, PM10, PM2.5",2021-04-22 08:54:21,2021-04-22 08:54:21
438,정림동,36.304667,127.366717,대전 서구 정림동로 10(정림동 주민센터)정림동 주민센터,"SO2, CO, O3, NO2, PM10, PM2.5",2021-04-22 08:54:21,2021-04-22 08:54:21
439,둔산동,36.354444,127.383056,대전 서구 둔산서로 84(근로자 종합복지회관)근로자 종합복지회관(3층 옥상),"SO2, CO, O3, NO2, PM10, PM2.5",2021-04-22 08:54:21,2021-04-22 08:54:21
440,월평동,36.351111,127.354167,대전 서구 월평동160-5도로변(월평자동차종합시장앞),"SO2, CO, O3, NO2, PM10, PM2.5",2021-04-22 08:54:21,2021-04-22 08:54:21
441,송정동(봉명동),36.644697,127.436808,충북 청주시 흥덕구 직지대로 393(송정동)충북문화재연구원 옥상,"SO2, CO, O3, NO2, PM10, PM2.5",2021-04-22 08:54:21,2021-04-22 08:54:21
442,사천동,36.66608,127.474924,"충북 청주시 청원구 사천동 233-223번지(사뜸로 61번길 88-14), 청주청원도서관 옥상(2층)청주청원도서관 옥상","SO2, CO, O3, NO2, PM10, PM2.5",2021-04-22 08:54:21,2021-04-22 08:54:21
443,용담동,36.635997,127.504028,충북 청주시 상당구 교동로139번길 20라일락소공원 지상 (용담동),"SO2, CO, O3, NO2, PM10, PM2.5",2021-04-22 08:54:21,2021-04-22 08:54:21
444,용암동,36.608818,127.501293,"충북 청주시 상당구 용암동 1590(중흥로 29), 용암1동 주민센터 3층 옥상용암1동 주민센터 옥상","SO2, CO, O3, NO2, PM10, PM2.5",2021-04-22 08:54:21,2021-04-22 08:54:21
445,복대동,36.634423,127.447045,충북 청주시 흥덕구 복대동111 산단육거리 교차점광장,"SO2, CO, O3, NO2, PM10, PM2.5",2021-04-22 08:54:21,2021-04-22 08:54:21
446,성황동,36.814171,127.152144,충남 천안시 동남구 복자1길 24 문성어린이집문성시립보육시설 옥상,"SO2, CO, O3, NO2, PM10, PM2.5",2021-04-22 08:54:21,2021-04-22 08:54:21
447,백석동,36.825139,127.110639,충남 천안시 백석동 555-57번지(백성농공단지)백성농공단지,"SO2, CO, O3, NO2, PM10, PM2.5",2021-04-22 08:54:21,2021-04-22 08:54:21
448,성성동,36.839225,127.137578,충남 천안시 서북구 성성동1-70,"SO2, CO, O3, NO2, PM10, PM2.5",2021-04-22 08:54:21,2021-04-22 08:54:21
449,성거읍,36.883421,127.207371,충남 천안시 서북구 성거읍 천흥8길 7천흥산업단지 내 족구장 지상,"SO2, CO, O3, NO2, PM10, PM2.5",2021-04-22 08:54:21,2021-04-22 08:54:21
450,신방동,36.78279,127.120668,충남 천안시 동남구 천안천변길 127천안시 맑은물사업소 하수처리장 (신방동),"SO2, CO, O3, NO2, PM10, PM2.5",2021-04-22 08:54:21,2021-04-22 08:54:21
451,사곡면,36.526284,127.030853,충남 공주시 사곡면 마곡사로293-106(사곡중학교),"SO2, CO, O3, NO2, PM10, PM2.5",2021-04-22 08:54:21,2021-04-22 08:54:21
452,공주,36.446611,127.11915,충남 공주시 봉황로 1(공주시의회 옥상),"SO2, CO, O3, NO2, PM10, PM2.5",2021-04-22 08:54:21,2021-04-22 08:54:21
453,탄천면,36.3086,127.06721,충남 공주시 탄천면 안터새말길 34안영1리 경로당 옥상,"SO2, CO, O3, NO2, PM10, PM2.5",2021-04-22 08:54:21,2021-04-22 08:54:21
454,부여읍,36.275495,126.911297,충남 부여군 부여읍 사비로 36(부여읍행정복지센터 옥상),"SO2, CO, O3, NO2, PM10, PM2.5",2021-04-22 08:54:21,2021-04-22 08:54:21
455,독곶리,36.993588,126.358971,충남 서산시 대산읍 평신1로(독곶리) 한국수자원공사 대산산업용수센터저수동 옥상,"SO2, CO, O3, NO2, PM10, PM2.5",2021-04-22 08:54:21,2021-04-22 08:54:21
456,동문동,36.780177,126.455459,충남 서산시 중앙로 38-1서산초등학교 (동문동),"SO2, CO, O3, NO2, PM10, PM2.5",2021-04-22 08:54:21,2021-04-22 08:54:21
457,대산리,36.937966,126.43394,충남 서산시 대산읍 충의로 1942대산종합시장 옥상,"SO2, CO, O3, NO2, PM10, PM2.5",2021-04-22 08:54:21,2021-04-22 08:54:21
458,성연면,36.839,126.46087,충남 서산시 성연면 마루들길 15보건지소 옥상,"SO2, CO, O3, NO2, PM10, PM2.5",2021-04-22 08:54:21,2021-04-22 08:54:21
459,송산면,36.976453,126.716298,충남 당진시 송산면 유곡로 342-27공공하폐수처리시설,"SO2, CO, O3, NO2, PM10, PM2.5",2021-04-22 08:54:21,2021-04-22 08:54:21
460,당진시청사,36.889977,126.645799,충남 당진시 시청1로 1당진시청사,"SO2, CO, O3, NO2, PM10, PM2.5",2021-04-22 08:54:21,2021-04-22 08:54:21
461,모종동,36.782917,127.0145,충남 아산시 모종동 573-2보건소옥상,"SO2, CO, O3, NO2, PM10, PM2.5",2021-04-22 08:54:21,2021-04-22 08:54:21
462,배방읍,36.7738,127.053851,충남 아산시 배방읍 배방로 38배방읍사무소 옥상,"SO2, CO, O3, NO2, PM10, PM2.5",2021-04-22 08:54:21,2021-04-22 08:54:21
463,도고면,36.762488,126.888729,충남 아산시 도고면 기곡리 296-4기곡1리 마을회관 지상,"SO2, CO, O3, NO2, PM10, PM2.5",2021-04-22 08:54:21,2021-04-22 08:54:21
464,둔포면,36.914275,127.059597,충남 아산시 둔포면 중앙공원로 43둔포면 측정소,"SO2, CO, O3, NO2, PM10, PM2.5",2021-04-22 08:54:21,2021-04-22 08:54:21
465,인주면,36.873396,126.87978,충남 아산시 인주면 인주산단로 23-28인주면 측정소,"SO2, CO, O3, NO2, PM10, PM2.5",2021-04-22 08:54:21,2021-04-22 08:54:21
466,장재리,36.784325,127.099992,충남 아산시 배방읍 장재리 2116장재리 도로변,"SO2, CO, O3, NO2, PM10, PM2.5",2021-04-22 08:54:21,2021-04-22 08:54:21
467,논산,36.199272,127.086981,충남 논산시 시민로389 (취암/부창동 행정복지센터 2층 옥상),"SO2, CO, O3, NO2, PM10, PM2.5",2021-04-22 08:54:21,2021-04-22 08:54:21
468,연무읍,36.125022,127.096762,충남 논산시 연무읍 안심로 50연무읍사무소 옥상,"SO2, CO, O3, NO2, PM10, PM2.5",2021-04-22 08:54:21,2021-04-22 08:54:21
469,성동면,36.215998,127.043263,충남 논산시 성동면 산업단지로5길 73-28논산지방산업단지 기숙사 옥상,"SO2, CO, O3, NO2, PM10, PM2.5",2021-04-22 08:54:21,2021-04-22 08:54:21
470,웅남동,35.217333,128.656617,경남 창원시 성산구 공단로 303(효성굿스프링스),"SO2, CO, O3, NO2, PM10, PM2.5",2021-04-22 08:54:21,2021-04-22 08:54:21
471,성주동,35.1993934,128.7108707,경남 창원시 성산구 외리로14번길 18성주민원센터,"SO2, CO, O3, NO2, PM10, PM2.5",2021-04-22 08:54:21,2021-04-22 08:54:21
472,용지동,35.236111,128.683889,경남 창원시 의창구 용지로 239번길 19-4(용지동 주민센터),"SO2, CO, O3, NO2, PM10, PM2.5",2021-04-22 08:54:21,2021-04-22 08:54:21
473,반송로,35.2341412,128.6646236,경남 창원시 의창구 원이대로 450(시설관리공단 실내수영장 앞),"SO2, CO, O3, NO2, PM10, PM2.5",2021-04-22 08:54:21,2021-04-22 08:54:21
474,사파동,35.221729,128.69825,경남 창원시 성산구 창이대로 706번길 16-23(사파민원센터),"SO2, CO, O3, NO2, PM10, PM2.5",2021-04-22 08:54:21,2021-04-22 08:54:21
475,경화동,35.154972,128.689578,경남 창원시 진해구 경화로16번길 31(병암동주민센터),"SO2, CO, O3, NO2, PM10, PM2.5",2021-04-22 08:54:21,2021-04-22 08:54:21
476,월영동,35.183108,128.560665,경남 창원시 마산합포구 월영동16길 22마산합포구도서관 옥상 (해운동),"SO2, CO, O3, NO2, PM10, PM2.5",2021-04-22 08:54:21,2021-04-22 08:54:21
477,하동읍,35.066944,127.751389,경남 하동군 하동읍 군청로 23(하동군청),"SO2, CO, O3, NO2, PM10, PM2.5",2021-04-22 08:54:21,2021-04-22 08:54:21
478,동상동,35.236667,128.883333,경남 김해시 호계로 517번길 8(동상동 주민센터),"SO2, CO, O3, NO2, PM10, PM2.5",2021-04-22 08:54:21,2021-04-22 08:54:21
479,삼방동,35.243889,128.912222,경남 김해시 활천로 303(신어초등학교),"SO2, CO, O3, NO2, PM10, PM2.5",2021-04-22 08:54:21,2021-04-22 08:54:21
480,장유동,35.202364,128.807221,경남 김해시 장유동 능동로 149(장유건강지원센터),"SO2, CO, O3, NO2, PM10, PM2.5",2021-04-22 08:54:21,2021-04-22 08:54:21
481,진영읍,35.3077015,128.7311228,경남 김해시 진영읍 김해대로365번길 6-24진영건강증진센터 옥상,"SO2, CO, O3, NO2, PM10, PM2.5",2021-04-22 08:54:21,2021-04-22 08:54:21
482,저구리,34.71005,128.58745,경남 거제시 남부면 저구리산 116번지,"SO2, CO, O3, NO2, PM10, PM2.5",2021-04-22 08:54:21,2021-04-22 08:54:21
483,아주동,34.863611,128.690278,경남 거제시 아주동 산164-1거제시 옥포 유해대기측정소,"SO2, CO, O3, NO2, PM10, PM2.5",2021-04-22 08:54:21,2021-04-22 08:54:21
484,고현동,34.88053905,128.62112946,경남 거제시 계룡로 125거제시청 옥상 (고현동),"SO2, CO, O3, NO2, PM10, PM2.5",2021-04-22 08:54:21,2021-04-22 08:54:21
485,사천읍,35.082551,128.091236,경남 사천시 사천읍 읍내로 52(사천읍사무소),"SO2, CO, O3, NO2, PM10, PM2.5",2021-04-22 08:54:21,2021-04-22 08:54:21
486,향촌동,34.9337038611,128.09344675,경남 사천시 향촌5길 28향촌동행정복지센터 옥상 (향촌동),"SO2, CO, O3, NO2, PM10, PM2.5",2021-04-22 08:54:21,2021-04-22 08:54:21
487,대산면,35.371633,128.676483,경남 창원시 의창구 대산면 갈전로99번길 100,"SO2, CO, O3, NO2, PM10, PM2.5",2021-04-22 08:54:21,2021-04-22 08:54:21
488,북부동,35.345556,129.04,경남 양산시 북안남5길 21중앙동주민센터 (북부동),"SO2, CO, O3, NO2, PM10, PM2.5",2021-04-22 08:54:21,2021-04-22 08:54:21
489,삼호동,35.414667,129.172083,경남 양산시 삼호9길 11웅상노인복지회관 (삼호동),"SO2, CO, O3, NO2, PM10, PM2.5",2021-04-22 08:54:21,2021-04-22 08:54:21
490,물금읍,35.310414,128.987347,경남 양산시 물금읍 황산로 384물금읍행정복지센터 옥상,"SO2, CO, O3, NO2, PM10, PM2.5",2021-04-22 08:54:21,2021-04-22 08:54:21
491,화산리,35.438115,129.336917,울산 울주군 온산읍 산암로 94풍산금속 야외 주차장,"SO2, CO, O3, NO2, PM10, PM2.5",2021-04-22 08:54:21,2021-04-22 08:54:21
492,상남리,35.49325,129.305696,울산 울주군 청량면 신덕하3길 5청량면사무소 옥상,"SO2, CO, O3, NO2, PM10, PM2.5",2021-04-22 08:54:21,2021-04-22 08:54:21
493,농소동,35.62088,129.35796,울산광역시 북구 호수중앙로 14농소운동장 주차장 (창평동),"SO2, CO, O3, NO2, PM10, PM2.5",2021-04-22 08:54:21,2021-04-22 08:54:21
494,삼남읍,35.558304,129.113942,울산광역시 울주군 삼남읍 서향교1길 67-12울주군보건소 옥상,"SO2, CO, O3, NO2, PM10, PM2.5",2021-04-22 08:54:21,2021-04-22 08:54:21
495,약사동,35.573312,129.335655,울산 중구 종가로 560약사고등학교,"SO2, CO, O3, NO2, PM10, PM2.5",2021-04-22 08:54:21,2021-04-22 08:54:21
496,웅촌면,35.46153,129.20881,울산광역시 울주군 웅촌면 새초천길 12웅촌운동장 주차장,"SO2, CO, O3, NO2, PM10, PM2.5",2021-04-22 08:54:21,2021-04-22 08:54:21
497,범서읍,35.56964,129.22602,울산광역시 울주군 범서읍 당앞로 14-50천상정수사업소,"SO2, CO, O3, NO2, PM10, PM2.5",2021-04-22 08:54:21,2021-04-22 08:54:21
498,북부순환도로,35.55809,129.28116,울산광역시 중구 태화동 310GS LPG충전소(태화) 앞 (태화동),"SO2, CO, O3, NO2, PM10, PM2.5",2021-04-22 08:54:21,2021-04-22 08:54:21
499,전하동,35.508908,129.426773,울산광역시 동구 진성4길 45주민센터 3층 옥상 (전하동),"SO2, CO, O3, NO2, PM10, PM2.5",2021-04-22 08:54:21,2021-04-22 08:54:21
500,내일동,35.493678,128.754168,경남 밀양시 중앙로 346내일동주민센터 (내일동),"SO2, CO, O3, NO2, PM10, PM2.5",2021-04-22 08:54:21,2021-04-22 08:54:21
501,무전동,34.857173,128.432385,경남 통영시 안개4길 53무전동주민센터 (무전동),"SO2, CO, O3, NO2, PM10, PM2.5",2021-04-22 08:54:21,2021-04-22 08:54:21
502,고성읍,34.974543611,128.324369805,경남 고성군 고성읍 중앙로 35고성읍보건지소 2층 옥상,"SO2, CO, O3, NO2, PM10, PM2.5",2021-04-22 08:54:21,2021-04-22 08:54:21
503,거창읍,35.6877878,127.9037871,경남 거창군 거창읍 거열로 90거창읍사무소 1층 옥상,"SO2, CO, O3, NO2, PM10, PM2.5",2021-04-22 08:54:21,2021-04-22 08:54:21
504,가야읍,35.2720132,128.408105,경남 함안군 가야읍 함안대로 505가야읍행정복지센터 옥상,"SO2, CO, O3, NO2, PM10, PM2.5",2021-04-22 08:54:21,2021-04-22 08:54:21
505,함양읍,35.5211721,127.7244433,경남 함양군 함양읍 고운로 35함양군청 민원봉사과 옥상,"SO2, CO, O3, NO2, PM10, PM2.5",2021-04-22 08:54:21,2021-04-22 08:54:21
506,남해읍,34.8318834,127.899848,경남 남해군 남해읍 남해대로 2745남해유배문학관 옥상,"SO2, CO, O3, NO2, PM10, PM2.5",2021-04-22 08:54:21,2021-04-22 08:54:21
507,산청읍,35.414968,127.874111,경남 산청군 산청읍 산엔청로 6산청군 여성회관 옥상,"SO2, CO, O3, NO2, PM10, PM2.5",2021-04-22 08:54:21,2021-04-22 08:54:21
508,남상면,35.643167,127.9105,경남 거창군 남상면 인평길 36남상면사무소,"SO2, CO, O3, NO2, PM10, PM2.5",2021-04-22 08:54:21,2021-04-22 08:54:21
509,의령읍,35.315748,128.253757,경남 의령군 의령읍 의병로8길 44서동생활공원 지상,"SO2, CO, O3, NO2, PM10, PM2.5",2021-04-22 08:54:21,2021-04-22 08:54:21
510,창녕읍,35.5452909,128.4883674,경남 창녕군 창녕읍 우포2로 1189-35정신건강복지센터 옥상,"SO2, CO, O3, NO2, PM10, PM2.5",2021-04-22 08:54:21,2021-04-22 08:54:21
511,합천읍,35.566062,128.157584,경남 합천군 합천읍 중앙로 61합천읍사무소 종량제 창고 옥상,"SO2, CO, O3, NO2, PM10, PM2.5",2021-04-22 08:54:21,2021-04-22 08:54:21
512,마산항,35.191823,128.591172,경남 창원시 성산구 적현로 424(귀곡동),"SO2, CO, O3, NO2, PM10, PM2.5",2021-04-22 08:54:21,2021-04-22 08:54:21
513,울산항,35.515708,129.384518,울산 남구 매암로 965부두,"SO2, CO, O3, NO2, PM10, PM2.5",2021-04-22 08:54:21,2021-04-22 08:54:21
514,서석동,35.14583,126.92333,광주 동구 서남로 1동구청보건소,"SO2, CO, O3, NO2, PM10, PM2.5",2021-04-22 08:54:21,2021-04-22 08:54:21
515,농성동,35.156651,126.889699,광주 서구 상무대로 1165 (광주시립미술관 상록전시관 단독건물)광주시립미술관,"SO2, CO, O3, NO2, PM10, PM2.5",2021-04-22 08:54:21,2021-04-22 08:54:21
516,치평동,35.151625,126.853292,광주 서구 상무자유로 170(롯데마트 상무점 건너편 인도),"SO2, CO, O3, NO2, PM10, PM2.5",2021-04-22 08:54:21,2021-04-22 08:54:21
517,노대동,35.1000281,126.8965634,광주광역시 남구 덕남길 7문화관 근처 (노대동),"SO2, CO, O3, NO2, PM10, PM2.5",2021-04-22 08:54:21,2021-04-22 08:54:21
518,유촌동,35.161944,126.844167,광주광역시 서구 천변우하로 203광주보건환경연구원 신청사 옥상 (유촌동),"SO2, CO, O3, NO2, PM10, PM2.5",2021-04-22 08:54:21,2021-04-22 08:54:21
519,두암동,35.1743,126.9325,광주 북구 군왕로 141번길 6 (두암보건지소)두암보건지소 3층 옥상,"SO2, CO, O3, NO2, PM10, PM2.5",2021-04-22 08:54:21,2021-04-22 08:54:21
520,운암동,35.176106,126.856931,광주 북구 북문대로 79(벽산블루밍아파트 앞 인도),"SO2, CO, O3, NO2, PM10, PM2.5",2021-04-22 08:54:21,2021-04-22 08:54:21
521,건국동,35.22933,126.86186,광주 북구 첨단과기로 333 (광주테크노파크 벤처지원센터 옥상)광주테크노파크 벤처지원센터 옥상,"SO2, CO, O3, NO2, PM10, PM2.5",2021-04-22 08:54:21,2021-04-22 08:54:21
522,일곡동,35.218056,126.8925,광주광역시 북구 모룡대길 68교통문화연수원 옥상 (일곡동),"SO2, CO, O3, NO2, PM10, PM2.5",2021-04-22 08:54:21,2021-04-22 08:54:21
523,오선동,35.20413,126.8072,광주 광산구 하남산단 6번로 107삼성전자 환경안전센터,"SO2, CO, O3, NO2, PM10, PM2.5",2021-04-22 08:54:21,2021-04-22 08:54:21
524,우산동(광주),35.157742,126.810097,광주광역시 광산구 우산동 1026-2월곡119안전센터 인근 사유지 (우산동),"SO2, CO, O3, NO2, PM10, PM2.5",2021-04-22 08:54:21,2021-04-22 08:54:21
525,평동,35.12322,126.76867,광주광역시 광산구 평동산단로 184-1평동종합비즈니스센터 후문 주차장 입구 (월전동),"SO2, CO, O3, NO2, PM10, PM2.5",2021-04-22 08:54:21,2021-04-22 08:54:21
526,주월동,35.131917,126.8933,광주 남구 회서로 21번가길 13주월1동 주민센터,"SO2, CO, O3, NO2, PM10, PM2.5",2021-04-22 08:54:21,2021-04-22 08:54:21
527,노송동,35.8283169,127.1476553,전북 전주시 완산구 물왕멀3길 29전주도시혁신센터 옥상 (서노송동),"SO2, CO, O3, NO2, PM10, PM2.5",2021-04-22 08:54:21,2021-04-22 08:54:21
528,용당동,34.80593,126.391767,전남 목포시 동부로 31번길 20(용당1동 주민센터 옥상)용당1동 주민센터 옥상,"SO2, CO, O3, NO2, PM10, PM2.5",2021-04-22 08:54:21,2021-04-22 08:54:21
529,부흥동,34.804279,126.43457,전남 목포시 삼향천로 28(옥암동)부흥동주민센터,"SO2, CO, O3, NO2, PM10, PM2.5",2021-04-22 08:54:21,2021-04-22 08:54:21
530,서강동,34.741301,127.725967,전남 여수시 서교1길 28-1서강동주민자치센터 (서교동),"SO2, CO, O3, NO2, PM10, PM2.5",2021-04-22 08:54:21,2021-04-22 08:54:21
531,월내동,34.850083,127.731933,전남 여수시 여수산단로 1201(월내동)여수산단 월내 폐수종말처리장,"SO2, CO, O3, NO2, PM10, PM2.5",2021-04-22 08:54:21,2021-04-22 08:54:21
532,문수동,34.754549,127.70276,전남 여수시 여문1로 71(문수동)문수동주민센터 옥상,"SO2, CO, O3, NO2, PM10, PM2.5",2021-04-22 08:54:21,2021-04-22 08:54:21
533,여천동(여수),34.766301,127.657507,전남 여수시 무선로 190(선원동)여천동 주민센터 뒷편,"SO2, CO, O3, NO2, PM10, PM2.5",2021-04-22 08:54:21,2021-04-22 08:54:21
534,덕충동,34.7539,127.7468,전남 여수시 덕충안길 95만덕동주민자치센터,"SO2, CO, O3, NO2, PM10, PM2.5",2021-04-22 08:54:21,2021-04-22 08:54:21
535,장천동,34.950357,127.487189,전남 순천시 장명로 30(장천동)순천시청 별관 옥상,"SO2, CO, O3, NO2, PM10, PM2.5",2021-04-22 08:54:21,2021-04-22 08:54:21
536,연향동,34.947102,127.518575,전남 순천시 연향번영길 54(연향동)연향도서관 옥상,"SO2, CO, O3, NO2, PM10, PM2.5",2021-04-22 08:54:21,2021-04-22 08:54:21
537,순천만,34.885971,127.50903,전남 순천시 순천만길 513-25(대대동)순천만 자연생태관 옥상,"SO2, CO, O3, NO2, PM10, PM2.5",2021-04-22 08:54:21,2021-04-22 08:54:21
538,호두리,34.892081,127.572745,전남 순천시 해룡면 호두리 276-9호두정수장,"SO2, CO, O3, NO2, PM10, PM2.5",2021-04-22 08:54:21,2021-04-22 08:54:21
539,신대,34.9363617,127.5485334,전남 순천시 해룡면 매안로 162순천시립신대도서관,"SO2, CO, O3, NO2, PM10, PM2.5",2021-04-22 08:54:21,2021-04-22 08:54:21
540,빛가람동,35.02174,126.790413,전남 나주시 빛가람로 719빛가람동 주민센터 옥상,"SO2, CO, O3, NO2, PM10, PM2.5",2021-04-22 08:54:21,2021-04-22 08:54:21
541,담양읍,35.311711,126.972914,전남 담양군 담양읍 면앙정로 730담양군 농업기술센터 생명농업연구동 뒤편,"SO2, CO, O3, NO2, PM10, PM2.5",2021-04-22 08:54:21,2021-04-22 08:54:21
542,장성읍,35.303241,126.785419,전남 장성군 장성읍 영천로 211장성읍사무소 옥상,"SO2, CO, O3, NO2, PM10, PM2.5",2021-04-22 08:54:21,2021-04-22 08:54:21
543,화양면,34.685678,127.597412,전남 여수시 화양면 평촌길 2-6화동경로당,"SO2, CO, O3, NO2, PM10, PM2.5",2021-04-22 08:54:21,2021-04-22 08:54:21
544,율촌면,34.881925,127.578783,전남 여수시 율촌면 동산개길 2율촌면 보건지소,"SO2, CO, O3, NO2, PM10, PM2.5",2021-04-22 08:54:21,2021-04-22 08:54:21
545,삼일동,34.824764,127.731615,전남 여수시 상암로 601-1상암보건지소 (상암동),"SO2, CO, O3, NO2, PM10, PM2.5",2021-04-22 08:54:21,2021-04-22 08:54:21
546,중동,34.937342,127.693427,전남 광양시 중마중앙로 109광양소방서 옥상,"SO2, CO, O3, NO2, PM10, PM2.5",2021-04-22 08:54:21,2021-04-22 08:54:21
547,태인동,34.941868,127.757069,전남 광양시 태인길 376(태인동)태인폐정수장 사무실,"SO2, CO, O3, NO2, PM10, PM2.5",2021-04-22 08:54:21,2021-04-22 08:54:21
548,진상면,35.019997,127.71962,전남 광양시 진상면 신시길 227(섬거리)진상면사무소,"SO2, CO, O3, NO2, PM10, PM2.5",2021-04-22 08:54:21,2021-04-22 08:54:21
549,광양읍,34.980817,127.583116,전남 광양시 광양읍 인덕로 1100(칠성리)광양읍 2청사 옥상,"SO2, CO, O3, NO2, PM10, PM2.5",2021-04-22 08:54:21,2021-04-22 08:54:21
550,해남읍,34.565366,126.599224,전남 해남군 해남읍 남부순환로 114해남읍사무소,"SO2, CO, O3, NO2, PM10, PM2.5",2021-04-22 08:54:21,2021-04-22 08:54:21
551,나불리,34.766809,126.439193,전남 영암군 삼호읍 나불로 192(나불리)영암소방서,"SO2, CO, O3, NO2, PM10, PM2.5",2021-04-22 08:54:21,2021-04-22 08:54:21
552,영암읍,34.84,126.7,전남 영암군 영암읍 낭주로 202-2영암 종합스포츠타운 야구장,"SO2, CO, O3, NO2, PM10, PM2.5",2021-04-22 08:54:21,2021-04-22 08:54:21
553,송단리,35.177167,127.175167,전남 화순군 북면 송단리338번지,"SO2, CO, O3, NO2, PM10, PM2.5",2021-04-22 08:54:21,2021-04-22 08:54:21
554,화순읍,35.0652356,126.9857882,전남 화순군 화순읍 동헌길 9-24화순군 CCTV 관제센터,"SO2, CO, O3, NO2, PM10, PM2.5",2021-04-22 08:54:21,2021-04-22 08:54:21
555,영광읍,35.2779955,126.5119937,전남 영광군 영광읍 물무로2길 61영광읍사무소,"SO2, CO, O3, NO2, PM10, PM2.5",2021-04-22 08:54:21,2021-04-22 08:54:21
556,안마도,35.336307,126.018459,전남 영광군 낙월면 영외리 산 118안마도 측정소,"SO2, CO, O3, NO2, PM10, PM2.5",2021-04-22 08:54:21,2021-04-22 08:54:21
557,장흥읍,34.6743623,126.9065322,전남 장흥군 장흥읍 흥성로 23정남진도서관,"SO2, CO, O3, NO2, PM10, PM2.5",2021-04-22 08:54:21,2021-04-22 08:54:21
558,진도읍,34.4792914,126.2687164,전남 진도군 진도읍 진도대로 7195진도여성플라자,"SO2, CO, O3, NO2, PM10, PM2.5",2021-04-22 08:54:21,2021-04-22 08:54:21
559,신지면,34.3345769,126.8283724,전남 완도군 신지면 신지로 567신지면 문화센터,"SO2, CO, O3, NO2, PM10, PM2.5",2021-04-22 08:54:21,2021-04-22 08:54:21
560,함평읍,35.0619768,126.5225907,전남 함평군 함평읍 중앙길 39함평군노인복지회관,"SO2, CO, O3, NO2, PM10, PM2.5",2021-04-22 08:54:21,2021-04-22 08:54:21
561,고흥읍,34.6062119,127.2805391,전남 고흥군 고흥읍 터미널길 11고흥읍사무소,"SO2, CO, O3, NO2, PM10, PM2.5",2021-04-22 08:54:21,2021-04-22 08:54:21
562,신안군,34.7555612,126.1260116,전남 신안군 안좌면 중부로 860신안군 측정소,"SO2, CO, O3, NO2, PM10, PM2.5",2021-04-22 08:54:21,2021-04-22 08:54:21
563,홍도,34.698747,125.192314,전남 신안군 흑산면 홍도1길 51-3홍도리 95-57,"SO2, CO, O3, NO2, PM10, PM2.5",2021-04-22 08:54:21,2021-04-22 08:54:21
564,가거도,34.076677,125.092276,전남 신안군 흑산면 가거도리 산 4가거도 등대부지 내,"SO2, CO, O3, NO2, PM10, PM2.5",2021-04-22 08:54:21,2021-04-22 08:54:21
565,무안읍,34.9903577,126.4762299,전남 무안군 무안읍 성내1길 2무안읍사무소,"SO2, CO, O3, NO2, PM10, PM2.5",2021-04-22 08:54:21,2021-04-22 08:54:21
566,강진읍,34.6446579,126.7711918,전남 강진군 강진읍 동성로 72강진읍 측정소,"SO2, CO, O3, NO2, PM10, PM2.5",2021-04-22 08:54:21,2021-04-22 08:54:21
567,곡성읍,35.2834576,127.2896401,전남 곡성군 곡성읍 학정3길 6곡성읍 측정소,"SO2, CO, O3, NO2, PM10, PM2.5",2021-04-22 08:54:21,2021-04-22 08:54:21
568,구례읍,35.215918,127.461282,전남 구례군 구례읍 동편제길 30구례읍 측정소,"SO2, CO, O3, NO2, PM10, PM2.5",2021-04-22 08:54:21,2021-04-22 08:54:21
569,벌교읍,34.8419256,127.3477777,전남 보성군 벌교읍 체육공원길 35벌교읍 측정소,"SO2, CO, O3, NO2, PM10, PM2.5",2021-04-22 08:54:21,2021-04-22 08:54:21
570,보성읍,34.76479,127.078068,전남 보성군 보성읍 현충로 42-36원봉3구회관(노인당) 옥상,"SO2, CO, O3, NO2, PM10, PM2.5",2021-04-22 08:54:21,2021-04-22 08:54:21
571,목포항,34.771956,126.391513,전남 영암군 삼호읍 용당리 2169-1용당부두 내,"SO2, CO, O3, NO2, PM10, PM2.5",2021-04-22 08:54:21,2021-04-22 08:54:21
572,광양항,34.907364,127.665394,전남 광양시 컨부두로 316광양항 컨테이너 터미널 내,"SO2, CO, O3, NO2, PM10, PM2.5",2021-04-22 08:54:21,2021-04-22 08:54:21
573,여수항,34.738486,127.732612,전남 여수시 여객선터미널길 17여수여객터미널 내,"SO2, CO, O3, NO2, PM10, PM2.5",2021-04-22 08:54:21,2021-04-22 08:54:21
574,이도동,33.500116,126.532371,제주 제주시 이도2동 1176-1(제주시청)제주시청,"SO2, CO, O3, NO2, PM10, PM2.5",2021-04-22 08:54:21,2021-04-22 08:54:21
575,연동,33.48863,126.500055,제주 제주시 연동 322-1 번지 제주특별자치도청 제2청사제주특별자치도청 제2청사 옥상,"SO2, CO, O3, NO2, PM10, PM2.5",2021-04-22 08:54:21,2021-04-22 08:54:21
576,조천읍,33.539831,126.64412,제주특별자치도 제주시 조천읍 조천18길 11-1조천읍 체육관,"SO2, CO, O3, NO2, PM10, PM2.5",2021-04-22 08:54:21,2021-04-22 08:54:21
577,한림읍,33.409109,126.268778,제주특별자치도 제주시 한림읍 한림중앙로 71-9한림읍 체육관,"SO2, CO, O3, NO2, PM10, PM2.5",2021-04-22 08:54:21,2021-04-22 08:54:21
578,동홍동,33.246244,126.56506,제주 서귀포시 동홍동 453-1(서귀포소방서)서귀포소방서,"SO2, CO, O3, NO2, PM10, PM2.5",2021-04-22 08:54:21,2021-04-22 08:54:21
579,성산읍,33.460229,126.91007,제주 서귀포시 성산읍 일주동로 4120번길 7(동부소방서),"SO2, CO, O3, NO2, PM10, PM2.5",2021-04-22 08:54:21,2021-04-22 08:54:21
580,남원읍,33.2843415,126.715115,제주특별자치도 서귀포시 남원읍 남한로 67서귀포시 동부노인복지회관,"SO2, CO, O3, NO2, PM10, PM2.5",2021-04-22 08:54:21,2021-04-22 08:54:21
581,대정읍,33.2277489,126.2473589,제주특별자치도 서귀포시 대정읍 동일하모로149번길 21-8대정청소년수련관,"SO2, CO, O3, NO2, PM10, PM2.5",2021-04-22 08:54:21,2021-04-22 08:54:21
582,노형로,33.4838002,126.4746922,제주특별자치도 제주시 1100로 3348노형동 918번지 (노형동),"SO2, CO, O3, NO2, PM10, PM2.5",2021-04-22 08:54:21,2021-04-22 08:54:21
583,고산리,33.292471,126.162165,제주 제주시 한경면 고산리3762,"SO2, CO, O3, NO2, PM10, PM2.5",2021-04-22 08:54:21,2021-04-22 08:54:21
584,수창동,35.874296,128.584136,대구 중구 수창동 73 (수창초등학교)(달성로 22길 30)수창초등학교,"SO2, CO, O3, NO2, PM10, PM2.5",2021-04-22 08:54:21,2021-04-22 08:54:21
585,지산동,35.830472,128.63157,대구 수성구 지산동 761-11(한국환경공단) (무학로 209)한국환경공단,"SO2, CO, O3, NO2, PM10, PM2.5",2021-04-22 08:54:21,2021-04-22 08:54:21
586,서호동,35.869104,128.711016,대구 동구 서호동 25-1(안심로49길 70)반야월초등학교 옥상,"SO2, CO, O3, NO2, PM10, PM2.5",2021-04-22 08:54:21,2021-04-22 08:54:21
587,이현동,35.869556,128.545323,대구 서구 이현동 48-60 (중리초등학교)(국채보상로 135)중리초등학교,"SO2, CO, O3, NO2, PM10, PM2.5",2021-04-22 08:54:21,2021-04-22 08:54:21
588,평리동,35.880274,128.562491,대구 서구 평리3동730-1 (대평중학교내) (통학로 217),"SO2, CO, O3, NO2, PM10, PM2.5",2021-04-22 08:54:21,2021-04-22 08:54:21
589,대명동,35.845498,128.571066,대구 남구 성당로30길55 성명초등학교별관3층옥상성명초등학교 별관 3층 옥상,"SO2, CO, O3, NO2, PM10, PM2.5",2021-04-22 08:54:21,2021-04-22 08:54:21
590,신암동,35.889757,128.633064,대구 동구 신암동 72-1 (신암5동사무소)(아양로 37길 92)주민센터,"SO2, CO, O3, NO2, PM10, PM2.5",2021-04-22 08:54:21,2021-04-22 08:54:21
591,태전동,35.923033,128.550652,대구 북구 태전동 1076-5 (태암초등학교)(칠곡중앙대로 52길 56)태암초등학교 남관 4층 옥상,"SO2, CO, O3, NO2, PM10, PM2.5",2021-04-22 08:54:21,2021-04-22 08:54:21
592,산격동,35.89324,128.60201,대구광역시 북구 연암로 40시청별관 105동 3층 옥상 (산격동),"SO2, CO, O3, NO2, PM10, PM2.5",2021-04-22 08:54:21,2021-04-22 08:54:21
